"大学名","本部所在地","都道府県","市区町村","設立年","種別"
"愛知教育大学","愛知県刈谷市井ケ谷町広沢1 ","愛知県","刈谷市",1949,"国立・大学"
"会津大学","福島県会津若松市一箕町大字鶴賀字上居合90 ","福島県","会津若松市",1993,"公立・大学"
"会津大学短期大学部","福島県会津若松市一箕町大字八幡字門田1-1 ","福島県","会津若松市",1951,"公立・短期大学"
"青森県立保健大学","青森県青森市大字浜館字間瀬58-1 ","青森県","青森市",1999,"公立・大学"
"青森公立大学","青森県青森市大字合子沢字山崎153-4 ","青森県","青森市",1993,"公立・大学"
"秋田県立大学","秋田県秋田市下新城中野字街道端西241-438 ","秋田県","秋田市",1999,"公立・大学"
"秋田公立美術大学","秋田県秋田市新屋大川町12番3号 ","秋田県","秋田市",2013,"公立・大学"
"秋田大学","秋田県秋田市手形学園町1-1 ","秋田県","秋田市",1949,"国立・大学"
"旭川医科大学","北海道旭川市緑が丘東2条1丁目1番1号 ","北海道","旭川市",1973,"国立・大学"
"石川県立看護大学","石川県かほく市 ","石川県","かほく市",2000,"公立・大学"
"石川県立大学","石川県野々市市末松1丁目308番地 ","石川県","野々市市",2004,"公立・大学"
"茨城県立医療大学","茨城県稲敷郡阿見町阿見4669番地2 ","茨城県","稲敷郡阿見町",1994,"公立・大学"
"茨城大学","茨城県水戸市 ","茨城県","水戸市",1949,"国立・大学"
"岩手県立大学","岩手県滝沢市巣子152-52 ","岩手県","滝沢市",1998,"公立・大学"
"岩手県立大学宮古短期大学部","岩手県宮古市河南1丁目5番1号 ","岩手県","宮古市",1990,"公立・短期大学"
"岩手県立大学盛岡短期大学部","岩手県滝沢市巣子152-52 ","岩手県","滝沢市",1951,"公立・短期大学"
"岩手大学","岩手県盛岡市 ","岩手県","盛岡市",1949,"国立・大学"
"宇都宮大学","栃木県宇都宮市峰町350 ","栃木県","宇都宮市",1949,"国立・大学"
"叡啓大学","広島県広島市 ","広島県","広島市",2021,"公立・大学"
"愛媛県立医療技術大学","愛媛県伊予郡砥部町高尾田543 ","愛媛県","伊予郡砥部町",2004,"公立・大学"
"愛媛大学","愛媛県松山市道後樋又10番13号 ","愛媛県","松山市",1949,"国立・大学"
"大分県立看護科学大学","大分県大分市 ","大分県","大分市",1998,"公立・大学"
"大分県立芸術文化短期大学","大分県大分市上野丘東1-11 ","大分県","大分市",1961,"公立・短期大学"
"大分大学","大分県大分市大字旦野原700番地 ","大分県","大分市",1949,"国立・大学"
"大阪教育大学","大阪府柏原市旭ヶ丘4-698-1 ","大阪府","柏原市",1949,"国立・大学"
"大阪大学","大阪府吹田市山田丘1-1 ","大阪府","吹田市",1949,"国立・大学"
"大月短期大学","山梨県大月市御太刀1-16-2 ","山梨県","大月市",1955,"公立・短期大学"
"岡山県立大学","岡山県総社市窪木111番地 ","岡山県","総社市",1993,"公立・大学"
"岡山大学","岡山県岡山市北区津島中1-1-1 ","岡山県","岡山市北区",1949,"国立・大学"
"沖縄県立看護大学","沖縄県那覇市 ","沖縄県","那覇市",1999,"公立・大学"
"沖縄県立芸術大学","沖縄県那覇市首里当蔵町1-4 ","沖縄県","那覇市",1985,"公立・大学"
"小樽商科大学","北海道小樽市緑3丁目5番21号 ","北海道","小樽市",1949,"国立・大学"
"お茶の水女子大学","東京都文京区大塚2-1-1 ","東京都","文京区",1949,"国立・大学"
"尾道市立大学","広島県尾道市久山田町1600番地2 ","広島県","尾道市",2001,"公立・大学"
"帯広畜産大学","北海道帯広市稲田町西2線11番地 ","北海道","帯広市",1949,"国立・大学"
"香川県立保健医療大学","香川県高松市牟礼町原281番地1 ","香川県","高松市",2003,"公立・大学"
"香川大学","香川県高松市幸町1番1号 ","香川県","高松市",1949,"国立・大学"
"鹿児島大学","鹿児島県鹿児島市 ","鹿児島県","鹿児島市",1949,"国立・大学"
"神奈川県立保健福祉大学","神奈川県横須賀市平成町1-10-1 ","神奈川県","横須賀市",2002,"公立・大学"
"金沢大学","石川県金沢市 ","石川県","金沢市",1949,"国立・大学"
"鹿屋体育大学","鹿児島県鹿屋市白水町1番地 ","鹿児島県","鹿屋市",1981,"国立・大学"
"川崎市立看護大学","神奈川県川崎市幸区小倉4丁目30番1号 ","神奈川県","川崎市幸区",2022,"公立・大学"
"北九州市立大学","福岡県北九州市小倉南区北方四丁目2番1号 ","福岡県","北九州市小倉南区",1946,"公立・大学"
"北見工業大学","北海道北見市公園町165番地 ","北海道","北見市",1966,"国立・大学"
"九州工業大学","福岡県北九州市戸畑区仙水町1-1 ","福岡県","北九州市戸畑区",1949,"国立・大学"
"九州歯科大学","福岡県北九州市小倉北区真鶴2-6-1 ","福岡県","北九州市小倉北区",1914,"公立・大学"
"九州大学","福岡県福岡市西区元岡744 ","福岡県","福岡市西区",1911,"国立・大学"
"京都教育大学","京都府京都市伏見区深草藤森町1番地 ","京都府","京都市伏見区",1949,"国立・大学"
"京都工芸繊維大学","京都府京都市左京区松ヶ崎橋上町 ","京都府","京都市左京区",1949,"国立・大学"
"京都大学","京都府京都市左京区吉田本町 ","京都府","京都市左京区",1897,"国立・大学"
"岐阜県立看護大学","岐阜県羽島市江吉良町3047番1 ","岐阜県","羽島市",2000,"公立・大学"
"岐阜市立女子短期大学","岐阜県岐阜市一日市場北町7番1号 ","岐阜県","岐阜市",1946,"公立・短期大学"
"岐阜大学","岐阜県岐阜市 ","岐阜県","岐阜市",1949,"国立・大学"
"釧路公立大学","北海道釧路市 ","北海道","釧路市",1988,"公立・大学"
"熊本県立大学","熊本県熊本市東区月出3-1-100 ","熊本県","熊本市東区",1949,"公立・大学"
"熊本大学","熊本県熊本市中央区黒髪2丁目39番1号 ","熊本県","熊本市中央区",1949,"国立・大学"
"倉敷市立短期大学","岡山県倉敷市 ","岡山県","倉敷市",1968,"公立・短期大学"
"群馬県立県民健康科学大学","群馬県前橋市上沖町323-1 ","群馬県","前橋市",2005,"公立・大学"
"群馬県立女子大学","群馬県佐波郡玉村町上之手1395-1 ","群馬県","佐波郡玉村町",1980,"公立・大学"
"群馬大学","群馬県前橋市荒牧町4-2 ","群馬県","前橋市",1949,"国立・大学"
"県立広島大学","広島県広島市南区宇品東一丁目1番71号 ","広島県","広島市南区",2005,"公立・大学"
"芸術文化観光専門職大学","兵庫県豊岡市山王町7-52 ","兵庫県","豊岡市",2021,"公立・大学"
"高知県立大学","高知県高知市池2751番地1 ","高知県","高知市",1949,"公立・大学"
"高知工科大学","高知県香美市土佐山田町宮ノ口185 ","高知県","香美市",1997,"公立・大学"
"高知大学","高知県高知市曙町二丁目5番1号 ","高知県","高知市",2003,"国立・大学"
"神戸市看護大学","兵庫県神戸市西区 ","兵庫県","神戸市西区",1996,"公立・大学"
"神戸市外国語大学","兵庫県神戸市西区学園東町9-1 ","兵庫県","神戸市西区",1946,"公立・大学"
"神戸大学","兵庫県神戸市灘区六甲台町1-1 ","兵庫県","神戸市灘区",1949,"国立・大学"
"公立小松大学","石川県小松市四丁町ヌ1番地3 ","石川県","小松市",2018,"公立・大学"
"公立諏訪東京理科大学","長野県茅野市豊平5000-1 ","長野県","茅野市",2018,"公立・大学"
"公立千歳科学技術大学","北海道千歳市 ","北海道","千歳市",2019,"公立・大学"
"公立鳥取環境大学","鳥取県鳥取市 ","鳥取県","鳥取市",2012,"公立・大学"
"公立はこだて未来大学","北海道函館市亀田中野町116番地2 ","北海道","函館市",2000,"公立・大学"
"国際教養大学","秋田県秋田市 ","秋田県","秋田市",2004,"公立・大学"
"埼玉県立大学","埼玉県越谷市三野宮820 ","埼玉県","越谷市",1999,"公立・大学"
"埼玉大学","埼玉県さいたま市桜区 ","埼玉県","さいたま市桜区",1949,"国立・大学"
"佐賀大学","佐賀県佐賀市本庄町1 ","佐賀県","佐賀市",2003,"国立・大学"
"札幌市立大学","北海道札幌市南区芸術の森1丁目 ","北海道","札幌市南区",2006,"公立・大学"
"山陽小野田市立山口東京理科大学","山口県山陽小野田市大学通1-1-1 ","山口県","山陽小野田市",1995,"公立・大学"
"滋賀医科大学","滋賀県大津市瀬田月輪町 ","滋賀県","大津市",1974,"国立・大学"
"滋賀県立大学","滋賀県彦根市八坂町2500 ","滋賀県","彦根市",1995,"公立・大学"
"滋賀大学","滋賀県彦根市馬場1丁目1-1 ","滋賀県","彦根市",1949,"国立・大学"
"静岡県立大学","静岡県静岡市駿河区 ","静岡県","静岡市駿河区",1986,"公立・大学"
"静岡県立大学短期大学部","静岡県静岡市 ","静岡県","静岡市",1987,"公立・短期大学"
"静岡社会健康医学大学院大学","静岡県静岡市葵区北安東4-27-2 ","静岡県","静岡市葵区",2021,"公立・大学"
"静岡大学","静岡県静岡市駿河区 ","静岡県","静岡市駿河区",1949,"国立・大学"
"静岡文化芸術大学","静岡県浜松市 ","静岡県","浜松市",2000,"公立・大学"
"島根県立大学","島根県浜田市 ","島根県","浜田市",2000,"公立・大学"
"島根県立大学短期大学部","島根県松江市 ","島根県","松江市",1953,"公立・短期大学"
"島根大学","島根県松江市西川津町1060 ","島根県","松江市",1949,"国立・大学"
"信州大学","長野県松本市 ","長野県","松本市",1949,"国立・大学"
"上越教育大学","新潟県上越市山屋敷町1番地 ","新潟県","上越市",1978,"国立・大学"
"情報科学芸術大学院大学","岐阜県大垣市加賀野4丁目1-7 ","岐阜県","大垣市",2001,"公立・大学"
"政策研究大学院大学","東京都港区六本木7-22-1 ","東京都","港区",1999,"国立・大学"
"総合研究大学院大学","神奈川県三浦郡葉山町(湘南国際村) ","神奈川県","三浦郡葉山町",1988,"国立・大学"
"高崎経済大学","群馬県高崎市上並榎町1300 ","群馬県","高崎市",1957,"公立・大学"
"千葉県立保健医療大学","千葉県千葉市美浜区若葉2-10-1 ","千葉県","千葉市美浜区",2008,"公立・大学"
"千葉大学","千葉県千葉市稲毛区弥生町1-33 ","千葉県","千葉市稲毛区",1949,"国立・大学"
"筑波技術大学","茨城県つくば市天久保4-3-15 ","茨城県","つくば市",1987,"国立・大学"
"筑波大学","茨城県つくば市 ","茨城県","つくば市",1973,"国立・大学"
"敦賀市立看護大学","福井県敦賀市木崎78‐2-1 ","福井県","敦賀市",2014,"公立・大学"
"都留文科大学","山梨県都留市 ","山梨県","都留市",1955,"公立・大学"
"電気通信大学","東京都調布市 ","東京都","調布市",1949,"国立・大学"
"東京医科歯科大学","東京都文京区 ","東京都","文京区",1951,"国立・大学"
"東京海洋大学","東京都港区 ","東京都","港区",2003,"国立・大学"
"東京外国語大学","東京都府中市朝日町3-11-1 ","東京都","府中市",1949,"国立・大学"
"東京学芸大学","東京都小金井市貫井北町4-1-1 ","東京都","小金井市",1949,"国立・大学"
"東京芸術大学","東京都台東区上野公園12-8 ","東京都","台東区",1949,"国立・大学"
"東京工業大学","東京都目黒区大岡山2-12-1 ","東京都","目黒区",1929,"国立・大学"
"東京大学","東京都文京区本郷7-3-1 ","東京都","文京区",1949,"国立・大学"
"東京都立産業技術大学院大学","東京都品川区東大井1-10-40 ","東京都","品川区",2006,"公立・大学"
"東京農工大学","東京都府中市晴見町3-8-1 ","東京都","府中市",1949,"国立・大学"
"東北大学","宮城県仙台市青葉区片平二丁目1-1 ","宮城県","仙台市青葉区",1949,"国立・大学"
"徳島大学","徳島県徳島市新蔵町2-24 ","徳島県","徳島市",1949,"国立・大学"
"鳥取大学","鳥取県鳥取市湖山町南4丁目101 ","鳥取県","鳥取市",1949,"国立・大学"
"富山県立大学","富山県射水市黒河5180 ","富山県","射水市",1989,"公立・大学"
"富山大学","富山県富山市五福3190 ","富山県","富山市",2005,"国立・大学"
"豊橋技術科学大学","愛知県豊橋市天伯町雲雀ヶ丘1-1 ","愛知県","豊橋市",1976,"国立・大学"
"長岡技術科学大学","新潟県長岡市 ","新潟県","長岡市",1976,"国立・大学"
"長岡造形大学","新潟県長岡市千秋4丁目197番地 ","新潟県","長岡市",1993,"公立・大学"
"長崎県立大学","長崎県佐世保市川下町123 ","長崎県","佐世保市",2008,"公立・大学"
"長崎大学","長崎県長崎市文教町1-14 ","長崎県","長崎市",1949,"国立・大学"
"長野県看護大学","長野県駒ヶ根市赤穂1694番地 ","長野県","駒ヶ根市",1994,"公立・大学"
"長野県立大学","長野県長野市三輪8-49-7 ","長野県","長野市",2018,"公立・大学"
"長野大学","長野県上田市下之郷658-1 ","長野県","上田市",1966,"公立・大学"
"名古屋工業大学","愛知県名古屋市昭和区御器所町 ","愛知県","名古屋市昭和区",1949,"国立・大学"
"名古屋大学","愛知県名古屋市千種区不老町 ","愛知県","名古屋市千種区",1939,"国立・大学"
"名寄市立大学","北海道名寄市西4条北8丁目1番地 ","北海道","名寄市",2006,"公立・大学"
"奈良教育大学","奈良県奈良市高畑町 ","奈良県","奈良市",1949,"国立・大学"
"奈良県立医科大学","奈良県橿原市 ","奈良県","橿原市",1945,"公立・大学"
"奈良県立大学","奈良県奈良市船橋町10番地 ","奈良県","奈良市",1990,"公立・大学"
"奈良女子大学","奈良県奈良市 ","奈良県","奈良市",1949,"国立・大学"
"奈良先端科学技術大学院大学","奈良県生駒市高山町8916番地の5 ","奈良県","生駒市",1991,"国立・大学"
"鳴門教育大学","徳島県鳴門市鳴門町高島字中島748番地 ","徳島県","鳴門市",1981,"国立・大学"
"新潟県立看護大学","新潟県上越市 ","新潟県","上越市",2001,"公立・大学"
"新潟県立大学","新潟県新潟市東区海老ケ瀬471番地 ","新潟県","新潟市東区",2009,"公立・大学"
"新潟大学","新潟県新潟市西区五十嵐2の町8050番地 ","新潟県","新潟市西区",1949,"国立・大学"
"新見公立大学","岡山県新見市 ","岡山県","新見市",2010,"公立・大学"
"浜松医科大学","静岡県浜松市東区半田山1丁目20番1号 ","静岡県","浜松市東区",1974,"国立・大学"
"一橋大学","東京都国立市中 ","東京都","国立市",1949,"国立・大学"
"兵庫教育大学","兵庫県加東市下久米942-1 ","兵庫県","加東市",1978,"国立・大学"
"兵庫県立大学","兵庫県神戸市西区学園西町8-2-1 ","兵庫県","神戸市西区",2004,"公立・大学"
"弘前大学","青森県弘前市文京町1 ","青森県","弘前市",1949,"国立・大学"
"広島市立大学","広島県広島市安佐南区大塚東三丁目4番1号 ","広島県","広島市安佐南区",1994,"公立・大学"
"広島大学","広島県東広島市 ","広島県","東広島市",1949,"国立・大学"
"福井大学","福井県福井市 ","福井県","福井市",2004,"国立・大学"
"福岡教育大学","福岡県宗像市赤間文教町1番1号 ","福岡県","宗像市",1949,"国立・大学"
"福岡県立大学","福岡県田川市伊田4395番地 ","福岡県","田川市",1992,"公立・大学"
"福岡女子大学","福岡県福岡市東区香住ヶ丘1-1-1 ","福岡県","福岡市東区",1950,"公立・大学"
"福島県立医科大学","福島県福島市光が丘1番地 ","福島県","福島市",1952,"公立・大学"
"福島大学","福島県福島市金谷川1番地 ","福島県","福島市",1949,"国立・大学"
"福知山公立大学","京都府福知山市 ","京都府","福知山市",2016,"公立・大学"
"福山市立大学","広島県福山市港町二丁目19番1号 ","広島県","福山市",2011,"公立・大学"
"北陸先端科学技術大学院大学","石川県能美市旭台1-1 ","石川県","能美市",1990,"国立・大学"
"北海道教育大学","北海道札幌市 ","北海道","札幌市",1949,"国立・大学"
"北海道大学","北海道札幌市北区北8条西5丁目 ","北海道","札幌市北区",1949,"国立・大学"
"前橋工科大学","群馬県前橋市上佐鳥町460番地1 ","群馬県","前橋市",1996,"公立・大学"
"三重県立看護大学","三重県津市夢が丘1丁目1番地1 ","三重県","津市",1997,"公立・大学"
"三重短期大学","三重県津市 ","三重県","津市",1952,"公立・短期大学"
"三重大学","三重県津市栗真町屋町1577 ","三重県","津市",1949,"国立・大学"
"宮城教育大学","宮城県仙台市青葉区荒巻字青葉149番地 ","宮城県","仙台市青葉区",1965,"国立・大学"
"宮城大学","宮城県黒川郡大和町 ","宮城県","黒川郡大和町",1996,"公立・大学"
"宮崎県立看護大学","宮崎県宮崎市まなび野3丁目5番地1 ","宮崎県","宮崎市",1997,"公立・大学"
"宮崎公立大学","宮崎県宮崎市船塚1丁目1番地2 ","宮崎県","宮崎市",1992,"公立・大学"
"宮崎大学","宮崎県宮崎市学園木花台西1丁目1番地 ","宮崎県","宮崎市",1949,"国立・大学"
"室蘭工業大学","北海道室蘭市水元町27番1号 ","北海道","室蘭市",1949,"国立・大学"
"名桜大学","沖縄県名護市字為又1220-1 ","沖縄県","名護市",1993,"公立・大学"
"山形県立保健医療大学","山形県山形市上柳260 ","山形県","山形市",2000,"公立・大学"
"山形県立米沢栄養大学","山形県米沢市通町6丁目15番1号 ","山形県","米沢市",2013,"公立・大学"
"山形県立米沢女子短期大学","山形県米沢市通町6丁目15番1号 ","山形県","米沢市",1951,"公立・短期大学"
"山形大学","山形県山形市小白川町一丁目4-12 ","山形県","山形市",1949,"国立・大学"
"山口県立大学","山口県山口市桜畠3-2-1 ","山口県","山口市",2006,"公立・大学"
"山口大学","山口県山口県山口市吉田1677-1 ","山口県","山口県山口市",1949,"国立・大学"
"山梨県立大学","山梨県甲府市 ","山梨県","甲府市",2004,"公立・大学"
"山梨大学","山梨県甲府市武田4-4-37 ","山梨県","甲府市",2002,"国立・大学"
"横浜国立大学","神奈川県横浜市保土ケ谷区 ","神奈川県","横浜市保土ケ谷区",1949,"国立・大学"
"琉球大学","沖縄県中頭郡西原町字千原1番地 ","沖縄県","中頭郡西原町",1972,"国立・大学"
"和歌山県立医科大学","和歌山県和歌山市紀三井寺811-1 ","和歌山県","和歌山市",1952,"公立・大学"
"和歌山大学","和歌山県和歌山市栄谷930 ","和歌山県","和歌山市",1949,"国立・大学"
"愛国学園短期大学","東京都江戸川区西小岩5-7-1","東京都","江戸川区",1962,"私立・短期大学"
"愛国学園大学","千葉県四街道市四街道1532","千葉県","四街道市",1997,"私立・大学"
"愛知医科大学","愛知県長久手市岩作雁又1番地1","愛知県","長久手市",1971,"私立・大学"
"愛知医療学院短期大学","愛知県清須市一場神明前519番地","愛知県","清須市",2007,"私立・短期大学"
"愛知学院大学","愛知県日進市岩崎町阿良池12","愛知県","日進市",1953,"私立・大学"
"愛知学院大学短期大学部","愛知県名古屋市千種区楠元町1-100","愛知県","名古屋市千種区",1950,"私立・短期大学"
"愛知学泉短期大学","愛知県岡崎市舳越町字上川成28","愛知県","岡崎市",1950,"私立・短期大学"
"愛知学泉大学","愛知県岡崎市舳越町字上川成28","愛知県","岡崎市",1966,"私立・大学"
"愛知工科大学","愛知県蒲郡市西迫町馬乗50-2","愛知県","蒲郡市",1999,"私立・大学"
"愛知工科大学自動車短期大学","愛知県蒲郡市西迫町馬乗50-2","愛知県","蒲郡市",1986,"私立・短期大学"
"愛知工業大学","愛知県豊田市八草町八千草1247","愛知県","豊田市",1959,"私立・大学"
"愛知産業大学","愛知県岡崎市岡町字原山12番地5","愛知県","岡崎市",1991,"私立・大学"
"愛知産業大学短期大学","愛知県岡崎市岡町字原山12番地5","愛知県","岡崎市",1985,"私立・短期大学"
"愛知淑徳大学","愛知県長久手市片平二丁目9","愛知県","長久手市",1975,"私立・大学"
"愛知大学","愛知県豊橋市町畑町字町畑1-1","愛知県","豊橋市",1949,"私立・大学"
"愛知大学短期大学部","愛知県豊橋市町畑町字町畑1-1","愛知県","豊橋市",1950,"私立・短期大学"
"愛知東邦大学","愛知県名古屋市名東区平和が丘3-11","愛知県","名古屋市名東区",2000,"私立・大学"
"愛知文教女子短期大学","愛知県稲沢市稲葉2-9-17","愛知県","稲沢市",1951,"私立・短期大学"
"愛知文教大学","愛知県小牧市大草5969-3","愛知県","小牧市",1997,"私立・大学"
"愛知みずほ短期大学","愛知県名古屋市瑞穂区春敲町 2-13","愛知県","名古屋市瑞穂区",1950,"私立・短期大学"
"愛知みずほ大学","愛知県名古屋市瑞穂区春敲町 2-13","愛知県","名古屋市瑞穂区",1992,"私立・大学"
"藍野大学","大阪府茨木市東太田4-5-4","大阪府","茨木市",2004,"私立・大学"
"藍野大学短期大学部","大阪府茨木市太田3-9-25","大阪府","茨木市",1984,"私立・短期大学"
"青森明の星短期大学","青森県青森市浪打2-6-32","青森県","青森市",1963,"私立・短期大学"
"青森大学","青森県青森市幸畑2-3-1","青森県","青森市",1968,"私立・大学"
"青森中央学院大学","青森県青森市横内字神田12","青森県","青森市",1997,"私立・大学"
"青森中央短期大学","青森県青森市横内字神田12","青森県","青森市",1970,"私立・短期大学"
"青山学院大学","東京都渋谷区渋谷4-4-25","東京都","渋谷区",1949,"私立・大学"
"秋草学園短期大学","埼玉県所沢市泉町1789","埼玉県","所沢市",1978,"私立・短期大学"
"秋田栄養短期大学","秋田県秋田市下北手桜字守沢46-1","秋田県","秋田市",1953,"私立・短期大学"
"秋田看護福祉大学","秋田県大館市清水2-3-4","秋田県","大館市",2004,"私立・大学"
"朝日大学","岐阜県瑞穂市穂積1851番地の1","岐阜県","瑞穂市",1971,"私立・大学"
"麻布大学","神奈川県相模原市中央区淵野辺1-17-71","神奈川県","相模原市中央区",1950,"私立・大学"
"足利短期大学","栃木県足利市本城3-2120","栃木県","足利市",1978,"私立・短期大学"
"足利大学","栃木県足利市大前町268-1","栃木県","足利市",1967,"私立・大学"
"芦屋大学","兵庫県芦屋市六麓荘町13-22","兵庫県","芦屋市",1964,"私立・大学"
"亜細亜大学","東京都武蔵野市境5-8","東京都","武蔵野市",1955,"私立・大学"
"跡見学園女子大学","東京都文京区大塚1-5-2","東京都","文京区",1965,"私立・大学"
"有明教育芸術短期大学","東京都江東区有明二丁目9番2号","東京都","江東区",2008,"私立・短期大学"
"飯田短期大学","長野県飯田市松尾代田610","長野県","飯田市",1967,"私立・短期大学"
"育英館大学","北海道稚内市若葉台1丁目2290番地28","北海道","稚内市",1999,"私立・大学"
"育英短期大学","群馬県高崎市京目町1656-1","群馬県","高崎市",1977,"私立・短期大学"
"育英大学","群馬県高崎市京目町1656-1","群馬県","高崎市",2017,"私立・大学"
"池坊短期大学","京都府京都市下京区室町通四条下ル鶏鉾町491","京都府","京都市下京区",1952,"私立・短期大学"
"石巻専修大学","宮城県石巻市南境新水戸1","宮城県","石巻市",1988,"私立・大学"
"和泉短期大学","神奈川県相模原市中央区青葉2-2-1","神奈川県","相模原市中央区",1965,"私立・短期大学"
"茨城キリスト教大学","茨城県日立市大みか町6-11-1","茨城県","日立市",1967,"私立・大学"
"茨城女子短期大学","茨城県那珂市東木倉960-2","茨城県","那珂市",1967,"私立・短期大学"
"今治明徳短期大学","愛媛県今治市矢田甲688","愛媛県","今治市",1966,"私立・短期大学"
"医療創生大学","福島県いわき市中央台飯野5-5-1","福島県","いわき市",1986,"私立・大学"
"いわき短期大学","福島県いわき市平鎌田字寿金沢37","福島県","いわき市",1966,"私立・短期大学"
"岩国短期大学","山口県岩国市尾津町2-24-18","山口県","岩国市",1971,"私立・短期大学"
"岩手医科大学","岩手県紫波郡矢巾町医大通一丁目1番1号","岩手県","紫波郡矢巾町",1952,"私立・大学"
"岩手保健医療大学","岩手県盛岡市盛岡駅西通一丁目6番30号","岩手県","盛岡市",2016,"私立・大学"
"植草学園短期大学","千葉県千葉市若葉区小倉町1639番3","千葉県","千葉市若葉区",1998,"私立・短期大学"
"植草学園大学","千葉県千葉市若葉区小倉町1639番3","千葉県","千葉市若葉区",2007,"私立・大学"
"上田女子短期大学","長野県上田市下之郷乙620","長野県","上田市",1967,"私立・短期大学"
"上野学園大学短期大学部","東京都台東区東上野4-24-12","東京都","台東区",1952,"私立・短期大学"
"宇都宮共和大学","栃木県宇都宮市大通り1-3-18","栃木県","宇都宮市",1998,"私立・大学"
"宇都宮短期大学","栃木県宇都宮市下荒針町長坂3829","栃木県","宇都宮市",1967,"私立・短期大学"
"宇部フロンティア大学","山口県宇部市文京台二丁目1番1号","山口県","宇部市",2001,"私立・大学"
"宇部フロンティア大学短期大学部","山口県宇部市文京台二丁目1番1号","山口県","宇部市",1960,"私立・短期大学"
"羽陽学園短期大学","山形県天童市大字清池1559","山形県","天童市",1982,"私立・短期大学"
"浦和大学","埼玉県さいたま市緑区大字大崎3551","埼玉県","さいたま市緑区",2002,"私立・大学"
"江戸川大学","千葉県流山市駒木474","千葉県","流山市",1989,"私立・大学"
"エリザベト音楽大学","広島県広島市中区幟町4-15","広島県","広島市中区",1963,"私立・大学"
"奥羽大学","福島県郡山市富田町字三角堂31番1","福島県","郡山市",1972,"私立・大学"
"桜花学園大学","愛知県豊明市栄町武侍48","愛知県","豊明市",1997,"私立・大学"
"追手門学院大学","大阪府茨木市西安威2-1-15","大阪府","茨木市",1966,"私立・大学"
"桜美林大学","東京都町田市常盤町3758番地","東京都","町田市",1966,"私立・大学"
"大分短期大学","大分県大分市千代町3-3-8","大分県","大分市",1964,"私立・短期大学"
"大垣女子短期大学","岐阜県大垣市西之川町1-109","岐阜県","大垣市",1969,"私立・短期大学"
"大阪青山大学","大阪府箕面市新稲2-11-1","大阪府","箕面市",2004,"私立・大学"
"大阪医科薬科大学","大阪府高槻市大学町2-7","大阪府","高槻市",1952,"私立・大学"
"大阪大谷大学","大阪府富田林市錦織北3-11-1","大阪府","富田林市",1966,"私立・大学"
"大阪音楽大学","大阪府豊中市庄内幸町1-1-8","大阪府","豊中市",1958,"私立・大学"
"大阪音楽大学短期大学部","大阪府豊中市庄内幸町1-1-8","大阪府","豊中市",1951,"私立・短期大学"
"大阪河?リハビリテーション大学","大阪府貝塚市水間158","大阪府","貝塚市",2005,"私立・大学"
"大阪観光大学","大阪府泉南郡熊取町大久保南5-3-1","大阪府","泉南郡熊取町",1999,"私立・大学"
"大阪学院大学","大阪府吹田市岸部南2-36-1","大阪府","吹田市",1963,"私立・大学"
"大阪学院大学短期大学部","大阪府吹田市岸部南2-37-1","大阪府","吹田市",1962,"私立・短期大学"
"大阪キリスト教短期大学","大阪府大阪市阿倍野区丸山通1-3-61","大阪府","大阪市阿倍野区",1952,"私立・短期大学"
"大阪経済大学","大阪府大阪市東淀川区大隅2-2-8","大阪府","大阪市東淀川区",1949,"私立・大学"
"大阪経済法科大学","大阪府八尾市楽音寺6-10","大阪府","八尾市",1971,"私立・大学"
"大阪健康福祉短期大学","大阪府堺市南区高倉台1丁2-1","大阪府","堺市南区",2001,"私立・短期大学"
"大阪芸術大学","大阪府南河内郡河南町東山469","大阪府","南河内郡河南町",1964,"私立・大学"
"大阪芸術大学短期大学部","大阪府大阪市東住吉区矢田2-14-19","大阪府","大阪市東住吉区",1951,"私立・短期大学"
"大阪工業大学","大阪府大阪市旭区大宮5-16-1","大阪府","大阪市旭区",1949,"私立・大学"
"大阪国際大学","大阪府守口市藤田町6-21-57","大阪府","守口市",1987,"私立・大学"
"大阪国際大学短期大学部","大阪府守口市藤田町6-21-57","大阪府","守口市",1962,"私立・短期大学"
"大阪産業大学","大阪府大東市中垣内3-1-1","大阪府","大東市",1965,"私立・大学"
"大阪歯科大学","大阪府枚方市楠葉花園町8-1","大阪府","枚方市",1952,"私立・大学"
"大阪樟蔭女子大学","大阪府東大阪市菱屋西4-2-26","大阪府","東大阪市",1949,"私立・大学"
"大阪商業大学","大阪府東大阪市御厨栄町4-1-10","大阪府","東大阪市",1949,"私立・大学"
"大阪信愛学院短期大学","大阪府大阪市城東区古市2丁目7番30号","大阪府","大阪市城東区",1959,"私立・短期大学"
"大阪信愛学院大学","大阪府大阪市城東区古市2丁目7番30号","大阪府","大阪市城東区",2021,"私立・大学"
"大阪城南女子短期大学","大阪府大阪市東住吉区湯里6-4-26","大阪府","大阪市東住吉区",1965,"私立・短期大学"
"大阪女学院短期大学","大阪府大阪市中央区玉造2-26-54","大阪府","大阪市中央区",1968,"私立・短期大学"
"大阪女学院大学","大阪府大阪市中央区玉造2-26-54","大阪府","大阪市中央区",2003,"私立・大学"
"大阪成蹊短期大学","大阪府大阪市東淀川区相川3-10-62","大阪府","大阪市東淀川区",1951,"私立・短期大学"
"大阪成蹊大学","大阪府大阪市東淀川区相川3-10-62","大阪府","大阪市東淀川区",2002,"私立・大学"
"大阪総合保育大学","大阪府大阪市東住吉区湯里6-4-26","大阪府","大阪市東住吉区",2005,"私立・大学"
"大阪体育大学","大阪府泉南郡熊取町朝代台1-1","大阪府","泉南郡熊取町",1965,"私立・大学"
"大阪千代田短期大学","大阪府河内長野市小山田町1685","大阪府","河内長野市",1965,"私立・短期大学"
"大阪電気通信大学","大阪府寝屋川市初町18-8","大阪府","寝屋川市",1961,"私立・大学"
"大阪人間科学大学","大阪府摂津市正雀1-4-1","大阪府","摂津市",2000,"私立・大学"
"大阪物療大学","大阪府堺市西区鳳北町3-33","大阪府","堺市西区",2010,"私立・大学"
"大阪保健医療大学","大阪府大阪市北区天満1-9-27","大阪府","大阪市北区",2008,"私立・大学"
"大阪夕陽丘学園短期大学","大阪府大阪市天王寺区生玉寺町7-72","大阪府","大阪市天王寺区",1950,"私立・短期大学"
"大谷大学","京都府京都市北区小山上総町20","京都府","京都市北区",1949,"私立・大学"
"大妻女子大学","東京都千代田区三番町12","東京都","千代田区",1949,"私立・大学"
"大妻女子大学短期大学部","東京都千代田区三番町12","東京都","千代田区",1950,"私立・短期大学"
"大手前短期大学","兵庫県西宮市御茶家所町6-42","兵庫県","西宮市",1951,"私立・短期大学"
"大手前大学","兵庫県西宮市御茶家所町6-42","兵庫県","西宮市",1966,"私立・大学"
"岡崎女子短期大学","愛知県岡崎市中町1-8-4","愛知県","岡崎市",1965,"私立・短期大学"
"岡崎女子大学","愛知県岡崎市中町1-8-4","愛知県","岡崎市",2012,"私立・大学"
"岡山医療専門職大学","岡山県岡山市北区大供3-2-18","岡山県","岡山市北区",2019,"私立・大学"
"岡山学院大学","岡山県倉敷市有城787","岡山県","倉敷市",2001,"私立・大学"
"岡山商科大学","岡山県岡山市北区津島京町2-10-1","岡山県","岡山市北区",1965,"私立・大学"
"岡山短期大学","岡山県倉敷市有城787","岡山県","倉敷市",1951,"私立・短期大学"
"岡山理科大学","岡山県岡山市北区理大町1-1","岡山県","岡山市北区",1964,"私立・大学"
"沖縄キリスト教学院大学","沖縄県中頭郡西原町字翁長777番地","沖縄県","中頭郡西原町",2003,"私立・大学"
"沖縄キリスト教短期大学","沖縄県中頭郡西原町字翁長777番地","沖縄県","中頭郡西原町",1959,"私立・短期大学"
"沖縄国際大学","沖縄県宜野湾市宜野湾2-6-1","沖縄県","宜野湾市",1972,"私立・大学"
"沖縄女子短期大学","沖縄県島尻郡与那原町東浜1番地","沖縄県","島尻郡与那原町",1966,"私立・短期大学"
"沖縄大学","沖縄県那覇市字国場555","沖縄県","那覇市",1974,"私立・大学"
"小田原短期大学","神奈川県小田原市城山4丁目5番1号","神奈川県","小田原市",1957,"私立・短期大学"
"帯広大谷短期大学","北海道河東郡音更町希望が丘3-3","北海道","河東郡音更町",1960,"私立・短期大学"
"折尾愛真短期大学","福岡県北九州市八幡西区堀川町11-1","福岡県","北九州市八幡西区",1966,"私立・短期大学"
"開智国際大学","千葉県柏市柏1225-6","千葉県","柏市",1999,"私立・大学"
"嘉悦大学","東京都小平市花小金井南町2-8-4","東京都","小平市",2000,"私立・大学"
"香川短期大学","香川県綾歌郡宇多津町浜一番丁10番地","香川県","綾歌郡宇多津町",1967,"私立・短期大学"
"鹿児島国際大学","鹿児島県鹿児島市坂之上8-34-1","鹿児島県","鹿児島市",1960,"私立・大学"
"鹿児島純心女子短期大学","鹿児島県鹿児島市唐湊4-22-1","鹿児島県","鹿児島市",1960,"私立・短期大学"
"鹿児島純心大学","鹿児島県薩摩川内市天辰町2365","鹿児島県","薩摩川内市",1993,"私立・大学"
"鹿児島女子短期大学","鹿児島県鹿児島市高麗町6-9","鹿児島県","鹿児島市",1965,"私立・短期大学"
"華頂短期大学","京都府京都市東山区林下町3-456","京都府","京都市東山区",1953,"私立・短期大学"
"活水女子大学","長崎県長崎市東山手町1-50","長崎県","長崎市",1981,"私立・大学"
"神奈川工科大学","神奈川県厚木市下荻野1030番地","神奈川県","厚木市",1975,"私立・大学"
"神奈川歯科大学","神奈川県横須賀市稲岡町82","神奈川県","横須賀市",1964,"私立・大学"
"神奈川歯科大学短期大学部","神奈川県横須賀市稲岡町82","神奈川県","横須賀市",1952,"私立・短期大学"
"神奈川大学","神奈川県横浜市神奈川区六角橋3-27-1","神奈川県","横浜市神奈川区",1949,"私立・大学"
"金沢医科大学","石川県河北郡内灘町字大学1-1","石川県","河北郡内灘町",1972,"私立・大学"
"金沢学院短期大学","石川県金沢市末町10","石川県","金沢市",1950,"私立・短期大学"
"金沢学院大学","石川県金沢市末町10-5","石川県","金沢市",1986,"私立・大学"
"金沢工業大学","石川県野々市市扇が丘7-1","石川県","野々市市",1965,"私立・大学"
"金沢星稜大学","石川県金沢市御所町丑10‐1","石川県","金沢市",1967,"私立・大学"
"金沢星稜大学女子短期大学部","石川県金沢市御所町丑10‐1","石川県","金沢市",1979,"私立・短期大学"
"鎌倉女子大学","神奈川県鎌倉市大船6-1-3","神奈川県","鎌倉市",1959,"私立・大学"
"鎌倉女子大学短期大学部","神奈川県鎌倉市大船6-1-3","神奈川県","鎌倉市",1950,"私立・短期大学"
"亀田医療大学","千葉県鴨川市横渚462","千葉県","鴨川市",2011,"私立・大学"
"川口短期大学","埼玉県川口市木曽呂1511","埼玉県","川口市",1986,"私立・短期大学"
"川崎医科大学","岡山県倉敷市松島577","岡山県","倉敷市",1970,"私立・大学"
"川崎医療短期大学","岡山県岡山市北区中山下2-1-70","岡山県","岡山市北区",1973,"私立・短期大学"
"川崎医療福祉大学","岡山県倉敷市松島288","岡山県","倉敷市",1990,"私立・大学"
"川村学園女子大学","千葉県我孫子市下ケ戸字保ケ前1133","千葉県","我孫子市",1987,"私立・大学"
"関西医科大学","大阪府枚方市新町二丁目5番1号","大阪府","枚方市",1952,"私立・大学"
"関西医療大学","大阪府泉南郡熊取町若葉2-11-1","大阪府","泉南郡熊取町",2002,"私立・大学"
"関西看護医療大学","兵庫県淡路市志筑1456-4","兵庫県","淡路市",2005,"私立・大学"
"関西外国語大学","大阪府枚方市中宮東之町16-1","大阪府","枚方市",1966,"私立・大学"
"関西外国語大学短期大学部","大阪府枚方市中宮東之町16-1","大阪府","枚方市",1953,"私立・短期大学"
"関西国際大学","兵庫県三木市志染町青山1-18","兵庫県","三木市",1997,"私立・大学"
"関西女子短期大学","大阪府柏原市旭ヶ丘3-11-1","大阪府","柏原市",1965,"私立・短期大学"
"関西大学","大阪府吹田市山手町3-3-35","大阪府","吹田市",1948,"私立・大学"
"関西福祉科学大学","大阪府柏原市旭ヶ丘3-11-1","大阪府","柏原市",1996,"私立・大学"
"関西福祉大学","兵庫県赤穂市新田380-3","兵庫県","赤穂市",1996,"私立・大学"
"関西学院大学","兵庫県西宮市上ケ原一番町1-155","兵庫県","西宮市",1948,"私立・大学"
"環太平洋大学","岡山県岡山市東区瀬戸町観音寺721","岡山県","岡山市東区",2006,"私立・大学"
"神田外語大学","千葉県千葉市美浜区若葉1-4-1","千葉県","千葉市美浜区",1986,"私立・大学"
"関東学院大学","神奈川県横浜市金沢区六浦東1-50-1","神奈川県","横浜市金沢区",1949,"私立・大学"
"関東学園大学","群馬県太田市藤阿久町200","群馬県","太田市",1976,"私立・大学"
"学習院女子大学","東京都新宿区戸山3-20-1","東京都","新宿区",1997,"私立・大学"
"学習院大学","東京都豊島区目白1-5-1","東京都","豊島区",1949,"私立・大学"
"畿央大学","奈良県北葛城郡広陵町馬見中4-2-2","奈良県","北葛城郡広陵町",2002,"私立・大学"
"北里大学","東京都港区白金5-9-1","東京都","港区",1962,"私立・大学"
"吉備国際大学","岡山県高梁市伊賀町8","岡山県","高梁市",1989,"私立・大学"
"九州栄養福祉大学","福岡県北九州市小倉北区下到津5-1-1","福岡県","北九州市小倉北区",2000,"私立・大学"
"九州大谷短期大学","福岡県筑後市蔵数495―1","福岡県","筑後市",1970,"私立・短期大学"
"九州看護福祉大学","熊本県玉名市富尾888番地","熊本県","玉名市",1997,"私立・大学"
"九州共立大学","福岡県北九州市八幡西区自由ケ丘1-8","福岡県","北九州市八幡西区",1965,"私立・大学"
"九州国際大学","福岡県北九州市八幡東区平野1-6-1","福岡県","北九州市八幡東区",1950,"私立・大学"
"九州産業大学","福岡県福岡市東区松香台2-3-1","福岡県","福岡市東区",1960,"私立・大学"
"九州産業大学造形短期大学部","福岡県福岡市東区松香台2-3-1","福岡県","福岡市東区",1968,"私立・短期大学"
"九州情報大学","福岡県太宰府市宰府6-3-1","福岡県","太宰府市",1997,"私立・大学"
"九州女子短期大学","福岡県北九州市八幡西区自由ケ丘1-1","福岡県","北九州市八幡西区",1960,"私立・短期大学"
"九州女子大学","福岡県北九州市八幡西区自由ケ丘1-1","福岡県","北九州市八幡西区",1962,"私立・大学"
"九州保健福祉大学","宮崎県延岡市吉野町1714-1","宮崎県","延岡市",1998,"私立・大学"
"九州龍谷短期大学","佐賀県鳥栖市村田町岩井手1350","佐賀県","鳥栖市",1952,"私立・短期大学"
"九州ルーテル学院大学","熊本県熊本市中央区黒髪3-12-16","熊本県","熊本市中央区",1996,"私立・大学"
"共愛学園前橋国際大学","群馬県前橋市小屋原町1154-4","群馬県","前橋市",1998,"私立・大学"
"共愛学園前橋国際大学短期大学部","群馬県前橋市昭和町3-7-27","群馬県","前橋市",1965,"私立・短期大学"
"共栄大学","埼玉県春日部市内牧4158","埼玉県","春日部市",2000,"私立・大学"
"京都医療科学大学","京都府南丹市園部町小山東町今北1-3","京都府","南丹市",2006,"私立・大学"
"京都華頂大学","京都府京都市東山区林下町3-456","京都府","京都市東山区",2010,"私立・大学"
"京都外国語短期大学","京都府京都市右京区西院笠目町6","京都府","京都市右京区",1950,"私立・短期大学"
"京都外国語大学","京都府京都市右京区西院笠目町6","京都府","京都市右京区",1959,"私立・大学"
"京都経済短期大学","京都府京都市西京区大枝東長町3-1","京都府","京都市西京区",1992,"私立・短期大学"
"京都芸術大学","京都府京都市左京区北白川瓜生山2-116","京都府","京都市左京区",1990,"私立・大学"
"京都光華女子大学","京都府京都市右京区西京極葛野町38","京都府","京都市右京区",1964,"私立・大学"
"京都光華女子大学短期大学部","京都府京都市右京区西京極葛野町38","京都府","京都市右京区",1950,"私立・短期大学"
"京都産業大学","京都府京都市北区上賀茂本山","京都府","京都市北区",1965,"私立・大学"
"京都情報大学院大学","京都府京都市左京区田中門前町7番地","京都府","京都市左京区",2004,"私立・大学"
"京都女子大学","京都府京都市東山区今熊野北日吉町35","京都府","京都市東山区",1949,"私立・大学"
"京都精華大学","京都府京都市左京区岩倉木野町137","京都府","京都市左京区",1978,"私立・大学"
"京都西山短期大学","京都府長岡京市粟生西条26","京都府","長岡京市",1950,"私立・短期大学"
"京都先端科学大学","京都府京都市右京区山ノ内五反田町18","京都府","京都市右京区",1969,"私立・大学"
"京都橘大学","京都府京都市山科区大宅山田町34","京都府","京都市山科区",1967,"私立・大学"
"京都ノートルダム女子大学","京都府京都市左京区下鴨南野々神町1","京都府","京都市左京区",1961,"私立・大学"
"京都美術工芸大学","京都府京都市東山区鞘町通正面下る上堀詰町272番地1","京都府","京都市東山区",2011,"私立・大学"
"京都文教短期大学","京都府宇治市槇島町千足80番地","京都府","宇治市",1960,"私立・短期大学"
"京都文教大学","京都府宇治市槇島町千足80番地","京都府","宇治市",1995,"私立・大学"
"京都薬科大学","京都府京都市山科区御陵中内町5","京都府","京都市山科区",1949,"私立・大学"
"共立女子短期大学","東京都千代田区一ツ橋2-2-1","東京都","千代田区",1950,"私立・短期大学"
"共立女子大学","東京都千代田区一ツ橋2-2-1","東京都","千代田区",1949,"私立・大学"
"杏林大学","東京都三鷹市新川6-20-2","東京都","三鷹市",1970,"私立・大学"
"桐生大学","群馬県みどり市笠懸町阿左美606番7","群馬県","みどり市",2007,"私立・大学"
"桐生大学短期大学部","群馬県みどり市笠懸町阿左美606番7","群馬県","みどり市",1963,"私立・短期大学"
"近畿大学","大阪府東大阪市小若江3-4-1","大阪府","東大阪市",1949,"私立・大学"
"近畿大学九州短期大学","福岡県飯塚市菰田東1-5-30","福岡県","飯塚市",1966,"私立・短期大学"
"近畿大学工業高等専門学校","三重県名張市春日丘7番町1番地","三重県","名張市",1962,"私立・大学"
"近畿大学短期大学部","大阪府東大阪市小若江3-4-1","大阪府","東大阪市",1950,"私立・短期大学"
"金城学院大学","愛知県名古屋市守山区大森2-1723","愛知県","名古屋市守山区",1949,"私立・大学"
"金城大学","石川県白山市笠間町1200","石川県","白山市",1999,"私立・大学"
"金城大学短期大学部","石川県白山市笠間町1200","石川県","白山市",1976,"私立・短期大学"
"岐阜医療科学大学","岐阜県関市市平賀字長峰795-1","岐阜県","関市",2005,"私立・大学"
"岐阜協立大学","岐阜県大垣市北方町5-50","岐阜県","大垣市",1967,"私立・大学"
"岐阜聖徳学園大学","岐阜県岐阜市柳津町高桑西一丁目1番地","岐阜県","岐阜市",1972,"私立・大学"
"岐阜聖徳学園大学短期大学部","岐阜県岐阜市中鶉一丁目38番地","岐阜県","岐阜市",1966,"私立・短期大学"
"岐阜女子大学","岐阜県岐阜市太郎丸80","岐阜県","岐阜市",1968,"私立・大学"
"岐阜保健大学","岐阜県岐阜市東鶉2-92","岐阜県","岐阜市",2018,"私立・大学"
"釧路短期大学","北海道釧路市緑ヶ岡1-10-42","北海道","釧路市",1964,"私立・短期大学"
"国立音楽大学","東京都立川市柏町5-5-1","東京都","立川市",1950,"私立・大学"
"熊本学園大学","熊本県熊本市中央区大江2-5-1","熊本県","熊本市中央区",1954,"私立・大学"
"熊本保健科学大学","熊本県熊本市北区和泉町亀の甲325","熊本県","熊本市北区",2002,"私立・大学"
"倉敷芸術科学大学","岡山県倉敷市連島町西之浦2640","岡山県","倉敷市",1994,"私立・大学"
"くらしき作陽大学","岡山県倉敷市玉島長尾3515","岡山県","倉敷市",1966,"私立・大学"
"久留米工業大学","福岡県久留米市上津町2228-66","福岡県","久留米市",1976,"私立・大学"
"久留米大学","福岡県久留米市旭町67","福岡県","久留米市",1950,"私立・大学"
"グローバルＢｉｚ専門職大学","神奈川県川崎市川崎区駅前本町22-1","神奈川県","川崎市川崎区",2022,"私立・大学"
"グロービス経営大学院大学","東京都千代田区二番町5番地1 住友不動産麹町ビル","東京都","千代田区",2005,"私立・大学"
"群馬医療福祉大学","群馬県前橋市川曲町191-1","群馬県","前橋市",2001,"私立・大学"
"群馬医療福祉大学短期大学部","群馬県前橋市川曲町191-1","群馬県","前橋市",1995,"私立・短期大学"
"群馬パース大学","群馬県高崎市問屋町1-7-1","群馬県","高崎市",2004,"私立・大学"
"敬愛大学","千葉県千葉市稲毛区穴川1-5-21","千葉県","千葉市稲毛区",1966,"私立・大学"
"慶應義塾大学","東京都港区三田2-15-45","東京都","港区",1949,"私立・大学"
"恵泉女学園大学","東京都多摩市南野2-10-1","東京都","多摩市",1987,"私立・大学"
"敬和学園大学","新潟県新発田市富塚字三賀境1270","新潟県","新発田市",1990,"私立・大学"
"健康科学大学","山梨県南都留郡富士河口湖町小立7187","山梨県","南都留郡富士河口湖町",2002,"私立・大学"
"光塩学園女子短期大学","北海道札幌市南区真駒内上町3-1-1","北海道","札幌市南区",1967,"私立・短期大学"
"工学院大学","東京都新宿区西新宿1-24-2","東京都","新宿区",1949,"私立・大学"
"皇學館大学","三重県伊勢市神田久志本町1704番地","三重県","伊勢市",1962,"私立・大学"
"甲子園短期大学","兵庫県西宮市瓦林町4-25","兵庫県","西宮市",1964,"私立・短期大学"
"甲子園大学","兵庫県宝塚市紅葉ガ丘10-1","兵庫県","宝塚市",1967,"私立・大学"
"高知学園短期大学","高知県高知市旭天神町292-26","高知県","高知市",1967,"私立・短期大学"
"高知学園大学","高知県高知市旭天神町292-26","高知県","高知市",2019,"私立・大学"
"高知リハビリテーション専門職大学","高知県土佐市高岡町乙1139-3","高知県","土佐市",2018,"私立・大学"
"甲南女子大学","兵庫県神戸市東灘区森北町6-2-23","兵庫県","神戸市東灘区",1964,"私立・大学"
"甲南大学","兵庫県神戸市東灘区岡本8-9-1","兵庫県","神戸市東灘区",1951,"私立・大学"
"神戸医療未来大学","兵庫県神崎郡福崎町高岡字塩田1966-5","兵庫県","神崎郡福崎町",1999,"私立・大学"
"神戸海星女子学院大学","兵庫県神戸市灘区青谷町2-7-1","兵庫県","神戸市灘区",1965,"私立・大学"
"神戸学院大学","兵庫県神戸市中央区港島1-1-3","兵庫県","神戸市中央区",1966,"私立・大学"
"神戸教育短期大学","兵庫県神戸市長田区西山町2丁目3番3号","兵庫県","神戸市長田区",1965,"私立・短期大学"
"神戸芸術工科大学","兵庫県神戸市西区学園西町8-1-1","兵庫県","神戸市西区",1988,"私立・大学"
"神戸国際大学","兵庫県神戸市東灘区向洋町中9-1-6","兵庫県","神戸市東灘区",1968,"私立・大学"
"神戸松蔭女子学院大学","兵庫県神戸市灘区篠原伯母野山町1-2-1","兵庫県","神戸市灘区",1966,"私立・大学"
"神戸親和大学","兵庫県神戸市北区鈴蘭台北町7-13-1","兵庫県","神戸市北区",1966,"私立・大学"
"神戸情報大学院大学","兵庫県神戸市中央区加納町2-2-7","兵庫県","神戸市中央区",2004,"私立・大学"
"神戸女学院大学","兵庫県西宮市岡田山4-1","兵庫県","西宮市",1948,"私立・大学"
"神戸女子短期大学","兵庫県神戸市中央区港島中町4-7-2","兵庫県","神戸市中央区",1950,"私立・短期大学"
"神戸女子大学","兵庫県神戸市須磨区東須磨青山2-1","兵庫県","神戸市須磨区",1966,"私立・大学"
"神戸常盤大学","兵庫県神戸市長田区大谷町2-6-2","兵庫県","神戸市長田区",2007,"私立・大学"
"神戸薬科大学","兵庫県神戸市東灘区本山北町4-19-1","兵庫県","神戸市東灘区",1949,"私立・大学"
"高野山大学","和歌山県伊都郡高野町大字高野山385","和歌山県","伊都郡高野町",1951,"私立・大学"
"香蘭女子短期大学","福岡県福岡市南区横手1-2-1","福岡県","福岡市南区",1958,"私立・短期大学"
"郡山女子大学","福島県郡山市開成3-25-2","福島県","郡山市",1966,"私立・大学"
"郡山女子大学短期大学部","福島県郡山市開成3-25-2","福島県","郡山市",1950,"私立・短期大学"
"國學院大學","東京都渋谷区東4-10-28","東京都","渋谷区",1948,"私立・大学"
"國學院大學栃木短期大学","栃木県栃木市平井町608","栃木県","栃木市",1966,"私立・短期大学"
"國學院大學北海道短期大学部","北海道滝川市文京町3-1-1","北海道","滝川市",1982,"私立・短期大学"
"国際医療福祉大学","栃木県大田原市北金丸2600-1","栃木県","大田原市",1994,"私立・大学"
"国際学院埼玉短期大学","埼玉県さいたま市大宮区吉敷町2-5","埼玉県","さいたま市大宮区",1983,"私立・短期大学"
"国際基督教大学","東京都三鷹市大沢3-10-2","東京都","三鷹市",1953,"私立・大学"
"国際高等専門学校","石川県金沢市久安2-270","石川県","金沢市",1962,"私立・大学"
"国際短期大学","東京都中野区江古田4-8-8","東京都","中野区",1950,"私立・短期大学"
"国際大学","新潟県南魚沼市国際町777","新潟県","南魚沼市",1982,"私立・大学"
"国際武道大学","千葉県勝浦市新官字物見塚841","千葉県","勝浦市",1983,"私立・大学"
"国士舘大学","東京都世田谷区世田谷4-28-1","東京都","世田谷区",1958,"私立・大学"
"こども教育宝仙大学","東京都中野区中央2-33-26","東京都","中野区",2008,"私立・大学"
"駒沢女子短期大学","東京都稲城市坂浜238","東京都","稲城市",1965,"私立・短期大学"
"駒沢女子大学","東京都稲城市坂浜238","東京都","稲城市",1992,"私立・大学"
"駒澤大学","東京都世田谷区駒沢1-23-1","東京都","世田谷区",1949,"私立・大学"
"埼玉医科大学","埼玉県入間郡毛呂山町大字毛呂本郷38","埼玉県","入間郡毛呂山町",1972,"私立・大学"
"埼玉医科大学短期大学","埼玉県入間郡毛呂山町大字毛呂本郷38","埼玉県","入間郡毛呂山町",1988,"私立・短期大学"
"埼玉学園大学","埼玉県川口市木曽呂1510","埼玉県","川口市",2000,"私立・大学"
"埼玉工業大学","埼玉県深谷市普済寺1690","埼玉県","深谷市",1976,"私立・大学"
"埼玉純真短期大学","埼玉県羽生市下岩瀬430","埼玉県","羽生市",1983,"私立・短期大学"
"埼玉女子短期大学","埼玉県日高市女影1616","埼玉県","日高市",1988,"私立・短期大学"
"埼玉東萌短期大学","埼玉県越谷市新越谷2-21-1","埼玉県","越谷市",2010,"私立・短期大学"
"佐賀女子短期大学","佐賀県佐賀市本庄町大字本庄1313","佐賀県","佐賀市",1966,"私立・短期大学"
"嵯峨美術短期大学","京都府京都市右京区嵯峨五島町1","京都府","京都市右京区",1971,"私立・短期大学"
"嵯峨美術大学","京都府京都市右京区嵯峨五島町1","京都府","京都市右京区",2000,"私立・大学"
"相模女子大学","神奈川県相模原市南区文京2-1-1","神奈川県","相模原市南区",1949,"私立・大学"
"相模女子大学短期大学部","神奈川県相模原市南区文京2-1-1","神奈川県","相模原市南区",1951,"私立・短期大学"
"作新学院大学","栃木県宇都宮市竹下町908","栃木県","宇都宮市",1988,"私立・大学"
"作新学院大学女子短期大学部","栃木県宇都宮市竹下町908","栃木県","宇都宮市",1967,"私立・短期大学"
"佐久大学","長野県佐久市岩村田2384","長野県","佐久市",2007,"私立・大学"
"佐久大学信州短期大学部","長野県佐久市岩村田2384","長野県","佐久市",1987,"私立・短期大学"
"作陽短期大学","岡山県倉敷市玉島長尾3524","岡山県","倉敷市",1951,"私立・短期大学"
"桜の聖母短期大学","福島県福島市花園町3-6","福島県","福島市",1955,"私立・短期大学"
"札幌学院大学","北海道江別市文京台11","北海道","江別市",1968,"私立・大学"
"札幌国際大学","北海道札幌市清田区清田4-1-4-1","北海道","札幌市清田区",1992,"私立・大学"
"札幌国際大学短期大学部","北海道札幌市清田区清田4-1-4-1","北海道","札幌市清田区",1969,"私立・短期大学"
"札幌大学","北海道札幌市豊平区西岡3-7-3-1","北海道","札幌市豊平区",1967,"私立・大学"
"札幌保健医療大学","北海道札幌市東区中沼西4条2-1-15","北海道","札幌市東区",2012,"私立・大学"
"札幌大谷大学","北海道札幌市東区北16条東9-1-1","北海道","札幌市東区",2005,"私立・大学"
"札幌大谷大学短期大学部","北海道札幌市東区北16条東9-1-1","北海道","札幌市東区",1961,"私立・短期大学"
"サレジオ工業高等専門学校","東京都町田市小山ヶ丘4-6-8","東京都","町田市",1962,"私立・大学"
"三育学院大学","千葉県夷隅郡大多喜町久我原1500","千葉県","夷隅郡大多喜町",2007,"私立・大学"
"産業技術短期大学","兵庫県尼崎市西昆陽1-27-1","兵庫県","尼崎市",1962,"私立・短期大学"
"産業能率大学","東京都世田谷区等々力6-39-15","東京都","世田谷区",1978,"私立・大学"
"山陽学園短期大学","岡山県岡山市中区平井1-14-1","岡山県","岡山市中区",1969,"私立・短期大学"
"山陽学園大学","岡山県岡山市中区平井1-14-1","岡山県","岡山市中区",1993,"私立・大学"
"山陽女子短期大学","広島県廿日市市佐方本町1-1","広島県","廿日市市",1963,"私立・短期大学"
"志學館大学","鹿児島県鹿児島市紫原1-59-1","鹿児島県","鹿児島市",1978,"私立・大学"
"滋賀短期大学","滋賀県大津市竜が丘24-4","滋賀県","大津市",1970,"私立・短期大学"
"至学館大学","愛知県大府市横根町名高山55","愛知県","大府市",1963,"私立・大学"
"滋賀文教短期大学","滋賀県長浜市田村町335","滋賀県","長浜市",1952,"私立・短期大学"
"四国学院大学","香川県善通寺市文京町3-2-1","香川県","善通寺市",1962,"私立・大学"
"四国大学","徳島県徳島市応神町古川字戎子野123-1","徳島県","徳島市",1966,"私立・大学"
"四国大学短期大学部","徳島県徳島市応神町古川字戎子野123-1","徳島県","徳島市",1961,"私立・短期大学"
"四條畷学園短期大学","大阪府大東市学園町6-45","大阪府","大東市",1964,"私立・短期大学"
"四條畷学園大学","大阪府大東市北条5-11-10","大阪府","大東市",2004,"私立・大学"
"静岡英和学院大学","静岡県静岡市駿河区池田1769番地","静岡県","静岡市駿河区",2001,"私立・大学"
"静岡英和学院大学短期大学部","静岡県静岡市駿河区池田1769番地","静岡県","静岡市駿河区",1966,"私立・短期大学"
"静岡産業大学","静岡県藤枝市駿河台4-1-1","静岡県","藤枝市",1993,"私立・大学"
"静岡福祉大学","静岡県焼津市本中根549-1","静岡県","焼津市",2003,"私立・大学"
"静岡理工科大学","静岡県袋井市豊沢2200-2","静岡県","袋井市",1990,"私立・大学"
"至誠館大学","山口県萩市大字椿東字浦田5000番地","山口県","萩市",1998,"私立・大学"
"四天王寺大学","大阪府羽曳野市学園前3-2-1","大阪府","羽曳野市",1967,"私立・大学"
"四天王寺大学短期大学部","大阪府羽曳野市学園前3-2-1","大阪府","羽曳野市",1957,"私立・短期大学"
"芝浦工業大学","東京都江東区豊洲3-7-5","東京都","江東区",1949,"私立・大学"
"柴田学園大学","青森県弘前市清原1-1-16","青森県","弘前市",1969,"私立・大学"
"柴田学園大学短期大学部","青森県弘前市上瓦ケ町25","青森県","弘前市",1950,"私立・短期大学"
"下関短期大学","山口県下関市桜山町1-1","山口県","下関市",1962,"私立・短期大学"
"社会構想大学院大学","東京都新宿区高田馬場1-25-30","東京都","新宿区",2016,"私立・大学"
"修紅短期大学","岩手県一関市萩荘字竹際49-1","岩手県","一関市",1953,"私立・短期大学"
"就実短期大学","岡山県岡山市中区西川原1-6-1","岡山県","岡山市中区",1953,"私立・短期大学"
"就実大学","岡山県岡山市中区西川原1-6-1","岡山県","岡山市中区",1979,"私立・大学"
"修文大学","愛知県一宮市日光町6番地","愛知県","一宮市",2007,"私立・大学"
"修文大学短期大学部","愛知県一宮市日光町6番地","愛知県","一宮市",1955,"私立・短期大学"
"秀明大学","千葉県八千代市大学町1-1","千葉県","八千代市",1987,"私立・大学"
"淑徳大学","千葉県千葉市中央区大巌寺町200","千葉県","千葉市中央区",1965,"私立・大学"
"種智院大学","京都府京都市伏見区向島西定請70番地","京都府","京都市伏見区",1949,"私立・大学"
"松蔭大学","神奈川県厚木市森の里若宮9-1","神奈川県","厚木市",1999,"私立・大学"
"頌栄短期大学","兵庫県神戸市東灘区御影山手1-18-1","兵庫県","神戸市東灘区",1950,"私立・短期大学"
"尚絅学院大学","宮城県名取市ゆりが丘4-10-1","宮城県","名取市",2002,"私立・大学"
"尚絅大学","熊本県熊本市中央区九品寺2-6-78","熊本県","熊本市中央区",1975,"私立・大学"
"尚絅大学短期大学部","熊本県熊本市中央区九品寺2-6-78","熊本県","熊本市中央区",1952,"私立・短期大学"
"正眼短期大学","岐阜県美濃加茂市伊深町876-10","岐阜県","美濃加茂市",1955,"私立・短期大学"
"湘南医療大学","神奈川県横浜市戸塚区上品濃16-48","神奈川県","横浜市戸塚区",2014,"私立・大学"
"湘南鎌倉医療大学","神奈川県鎌倉市山崎1195-3","神奈川県","鎌倉市",2019,"私立・大学"
"湘南工科大学","神奈川県藤沢市辻堂西海岸一丁目1番25号","神奈川県","藤沢市",1963,"私立・大学"
"尚美学園大学","埼玉県川越市豊田町1-1-1","埼玉県","川越市",1999,"私立・大学"
"湘北短期大学","神奈川県厚木市温水字長久保428","神奈川県","厚木市",1974,"私立・短期大学"
"昭和音楽大学","神奈川県川崎市麻生区上麻生1-11-1","神奈川県","川崎市麻生区",1983,"私立・大学"
"昭和音楽大学短期大学部","神奈川県川崎市麻生区上麻生1-11-1","神奈川県","川崎市麻生区",1969,"私立・短期大学"
"昭和学院短期大学","千葉県市川市東菅野2-17-1","千葉県","市川市",1950,"私立・短期大学"
"昭和女子大学","東京都世田谷区太子堂1-7-57","東京都","世田谷区",1949,"私立・大学"
"昭和大学","東京都品川区旗の台1-5-8","東京都","品川区",1952,"私立・大学"
"昭和薬科大学","東京都町田市東玉川学園3-3165","東京都","町田市",1949,"私立・大学"
"白梅学園短期大学","東京都小平市小川町1-830","東京都","小平市",1957,"私立・短期大学"
"白梅学園大学","東京都小平市小川町1-830","東京都","小平市",2004,"私立・大学"
"白百合女子大学","東京都調布市緑ケ丘1-25","東京都","調布市",1965,"私立・大学"
"信州豊南短期大学","長野県上伊那郡辰野町中山72","長野県","上伊那郡辰野町",1983,"私立・短期大学"
"事業構想大学院大学","東京都港区南青山3-13-16","東京都","港区",2011,"私立・大学"
"事業創造大学院大学","新潟県新潟市中央区米山3-1-46","新潟県","新潟市中央区",2005,"私立・大学"
"滋慶医療科学大学","大阪府大阪市淀川区宮原1-2-8","大阪府","大阪市淀川区",2010,"私立・大学"
"自治医科大学","栃木県下野市薬師寺3311-1","栃木県","下野市",1972,"私立・大学"
"実践女子大学","東京都日野市大坂上4-1-1","東京都","日野市",1949,"私立・大学"
"実践女子大学短期大学部","東京都渋谷区東1-1-49","東京都","渋谷区",1950,"私立・短期大学"
"十文字学園女子大学","埼玉県新座市菅沢2-1-28","埼玉県","新座市",1995,"私立・大学"
"純真学園大学","福岡県福岡市南区筑紫丘1-1-1","福岡県","福岡市南区",2010,"私立・大学"
"純真短期大学","福岡県福岡市南区筑紫丘1-1-1","福岡県","福岡市南区",1957,"私立・短期大学"
"順天堂大学","東京都文京区本郷2-1-1","東京都","文京区",1951,"私立・大学"
"自由が丘産能短期大学","東京都世田谷区等々力6-39-15","東京都","世田谷区",1950,"私立・短期大学"
"城西国際大学","千葉県東金市求名1番地","千葉県","東金市",1991,"私立・大学"
"城西短期大学","埼玉県坂戸市けやき台1-1","埼玉県","坂戸市",1983,"私立・短期大学"
"城西大学","埼玉県坂戸市けやき台1-1","埼玉県","坂戸市",1965,"私立・大学"
"上智大学","東京都千代田区紀尾井町7-1","東京都","千代田区",1948,"私立・大学"
"上智大学短期大学部","神奈川県秦野市上大槻山王台999","神奈川県","秦野市",1973,"私立・短期大学"
"上武大学","群馬県伊勢崎市戸谷塚町634‐1","群馬県","伊勢崎市",1968,"私立・大学"
"情報経営イノベーション専門職大学","東京都墨田区文花1-18-13","東京都","墨田区",2019,"私立・大学"
"情報セキュリティ大学院大学","神奈川県横浜市神奈川区鶴屋町2-14-1","神奈川県","横浜市神奈川区",2003,"私立・大学"
"女子栄養大学","埼玉県坂戸市千代田3-9-21","埼玉県","坂戸市",1961,"私立・大学"
"女子栄養大学短期大学部","東京都豊島区駒込3-24-3","東京都","豊島区",1950,"私立・短期大学"
"女子美術大学","東京都杉並区和田1-49-8","東京都","杉並区",1949,"私立・大学"
"女子美術大学短期大学部","東京都杉並区和田1-49-8","東京都","杉並区",1950,"私立・短期大学"
"仁愛女子短期大学","福井県福井市天池町43-1-1","福井県","福井市",1965,"私立・短期大学"
"仁愛大学","福井県越前市大手町3-1-1","福井県","越前市",2000,"私立・大学"
"杉野服飾大学","東京都品川区上大崎4-6-19","東京都","品川区",1964,"私立・大学"
"椙山女学園大学","愛知県名古屋市千種区星が丘元町17-3","愛知県","名古屋市千種区",1949,"私立・大学"
"鈴鹿医療科学大学","三重県鈴鹿市岸岡町1001-1","三重県","鈴鹿市",1990,"私立・大学"
"鈴鹿大学","三重県鈴鹿市郡山町663番222","三重県","鈴鹿市",1993,"私立・大学"
"鈴鹿大学短期大学部","三重県鈴鹿市郡山町663番222","三重県","鈴鹿市",1966,"私立・短期大学"
"駿河台大学","埼玉県飯能市大字阿須字一の木 698","埼玉県","飯能市",1986,"私立・大学"
"成安造形大学","滋賀県大津市仰木の里東四丁目3番1号","滋賀県","大津市",1992,"私立・大学"
"精華女子短期大学","福岡県福岡市博多区南八幡町2-12-1","福岡県","福岡市博多区",1967,"私立・短期大学"
"聖カタリナ大学","愛媛県松山市北条660","愛媛県","松山市",1987,"私立・大学"
"聖カタリナ大学短期大学部","愛媛県松山市北条660","愛媛県","松山市",1966,"私立・短期大学"
"聖学院大学","埼玉県上尾市戸崎1-1","埼玉県","上尾市",1987,"私立・大学"
"成蹊大学","東京都武蔵野市吉祥寺北町3-3-1","東京都","武蔵野市",1949,"私立・大学"
"星槎大学","神奈川県足柄下郡箱根町仙石原817-255","神奈川県","足柄下郡箱根町",2003,"私立・大学"
"星槎道都大学","北海道北広島市中の沢149-1","北海道","北広島市",1978,"私立・大学"
"聖心女子大学","東京都渋谷区広尾4丁目3番1号","東京都","渋谷区",1948,"私立・大学"
"成城大学","東京都世田谷区成城6-1-20","東京都","世田谷区",1950,"私立・大学"
"星城大学","愛知県東海市富貴ノ台2-172","愛知県","東海市",2001,"私立・大学"
"清泉女学院短期大学","長野県長野市上野2-120-8","長野県","長野市",1981,"私立・短期大学"
"清泉女学院大学","長野県長野市上野2-120-8","長野県","長野市",2002,"私立・大学"
"清泉女子大学","東京都品川区東五反田3-16-21","東京都","品川区",1950,"私立・大学"
"聖泉大学","滋賀県彦根市肥田町720","滋賀県","彦根市",2002,"私立・大学"
"聖徳大学","千葉県松戸市岩瀬550","千葉県","松戸市",1989,"私立・大学"
"聖徳大学短期大学部","千葉県松戸市岩瀬550","千葉県","松戸市",1965,"私立・短期大学"
"西南学院大学","福岡県福岡市早良区西新6-2-92","福岡県","福岡市早良区",1949,"私立・大学"
"西南女学院大学","福岡県北九州市小倉北区井堀1-3-5","福岡県","北九州市小倉北区",1993,"私立・大学"
"西南女学院大学短期大学部","福岡県北九州市小倉北区井堀1-3-2","福岡県","北九州市小倉北区",1950,"私立・短期大学"
"星美学園短期大学","東京都北区赤羽台4-2-14","東京都","北区",1960,"私立・短期大学"
"西武文理大学","埼玉県狭山市柏原新田311-1","埼玉県","狭山市",1998,"私立・大学"
"聖マリア学院大学","福岡県久留米市津福本町422","福岡県","久留米市",2005,"私立・大学"
"聖マリアンナ医科大学","神奈川県川崎市宮前区菅生2-16-1","神奈川県","川崎市宮前区",1971,"私立・大学"
"聖路加国際大学","東京都中央区明石町10-1","東京都","中央区",1964,"私立・大学"
"聖隷クリストファー大学","静岡県浜松市北区三方原町3453","静岡県","浜松市北区",1991,"私立・大学"
"聖霊女子短期大学","秋田県秋田市寺内高野10-33","秋田県","秋田市",1954,"私立・短期大学"
"聖和学園短期大学","宮城県仙台市泉区南中山5-5-2","宮城県","仙台市泉区",1951,"私立・短期大学"
"聖和短期大学","兵庫県西宮市岡田山7-54","兵庫県","西宮市",1950,"私立・短期大学"
"清和大学","千葉県木更津市東太田3-4-5","千葉県","木更津市",1993,"私立・大学"
"清和大学短期大学部","千葉県木更津市東太田3-4-2","千葉県","木更津市",1967,"私立・短期大学"
"摂南大学","大阪府寝屋川市池田中町17-8","大阪府","寝屋川市",1975,"私立・大学"
"せとうち観光専門職短期大学","香川県高松市屋島西町2366-1","香川県","高松市",2020,"私立・短期大学"
"専修大学","東京都千代田区神田神保町3-8-1","東京都","千代田区",1949,"私立・大学"
"洗足学園音楽大学","神奈川県川崎市高津区久本2-3-1","神奈川県","川崎市高津区",1967,"私立・大学"
"洗足こども短期大学","神奈川県川崎市高津区久本2-3-1","神奈川県","川崎市高津区",1962,"私立・短期大学"
"仙台赤門短期大学","宮城県仙台市青葉区荒巻字青葉6-41","宮城県","仙台市青葉区",2017,"私立・短期大学"
"仙台白百合女子大学","宮城県仙台市泉区本田町6-1","宮城県","仙台市泉区",1995,"私立・大学"
"仙台青葉学院短期大学","宮城県仙台市若林区五橋3-5-75","宮城県","仙台市若林区",2008,"私立・短期大学"
"仙台大学","宮城県柴田郡柴田町船岡南2-2-18","宮城県","柴田郡柴田町",1967,"私立・大学"
"千里金蘭大学","大阪府吹田市藤白台5-25-1","大阪府","吹田市",2002,"私立・大学"
"相愛大学","大阪府大阪市住之江区南港中4-4-1","大阪府","大阪市住之江区",1958,"私立・大学"
"創価女子短期大学","東京都八王子市丹木町1-236","東京都","八王子市",1984,"私立・短期大学"
"創価大学","東京都八王子市丹木町1-236","東京都","八王子市",1971,"私立・大学"
"崇城大学","熊本県熊本市西区池田4-22-1","熊本県","熊本市西区",1967,"私立・大学"
"園田学園女子大学","兵庫県尼崎市南塚口町7-29-1","兵庫県","尼崎市",1966,"私立・大学"
"園田学園女子大学短期大学部","兵庫県尼崎市南塚口町7-29-1","兵庫県","尼崎市",1963,"私立・短期大学"
"大正大学","東京都豊島区西巣鴨3-20-1","東京都","豊島区",1949,"私立・大学"
"太成学院大学","大阪府堺市美原区平尾1060-1","大阪府","堺市美原区",1997,"私立・大学"
"高岡法科大学","富山県高岡市戸出石代307-3","富山県","高岡市",1988,"私立・大学"
"高崎健康福祉大学","群馬県高崎市中大類町37-1","群馬県","高崎市",2000,"私立・大学"
"高崎商科大学","群馬県高崎市根小屋町741","群馬県","高崎市",2000,"私立・大学"
"高崎商科大学短期大学部","群馬県高崎市根小屋町741","群馬県","高崎市",1987,"私立・短期大学"
"高田短期大学","三重県津市一身田豊野195","三重県","津市",1966,"私立・短期大学"
"高千穂大学","東京都杉並区大宮2-19-1","東京都","杉並区",1950,"私立・大学"
"高松短期大学","香川県高松市春日町960","香川県","高松市",1969,"私立・短期大学"
"高松大学","香川県高松市春日町960","香川県","高松市",1995,"私立・大学"
"高山自動車短期大学","岐阜県高山市下林町1155","岐阜県","高山市",1975,"私立・短期大学"
"宝塚医療大学","兵庫県宝塚市花屋敷緑ガ丘1","兵庫県","宝塚市",2010,"私立・大学"
"宝塚大学","大阪府大阪市北区芝田1-13-16","大阪府","大阪市北区",1986,"私立・大学"
"拓殖大学","東京都文京区小日向3-4-14","東京都","文京区",1949,"私立・大学"
"拓殖大学北海道短期大学","北海道深川市深川町字メム4558-1","北海道","深川市",1966,"私立・短期大学"
"玉川大学","東京都町田市玉川学園6-1-1","東京都","町田市",1949,"私立・大学"
"多摩大学","東京都多摩市聖ケ丘4-1-1","東京都","多摩市",1988,"私立・大学"
"多摩美術大学","東京都八王子市鑓水2-1723","東京都","八王子市",1953,"私立・大学"
"第一工科大学","鹿児島県霧島市国分中央1-10-2","鹿児島県","霧島市",1968,"私立・大学"
"第一薬科大学","福岡県福岡市南区玉川町22-1","福岡県","福岡市南区",1960,"私立・大学"
"第一幼児教育短期大学","鹿児島県霧島市国分中央1-10-2","鹿児島県","霧島市",1967,"私立・短期大学"
"大東文化大学","東京都板橋区高島平1-9-1","東京都","板橋区",1949,"私立・大学"
"大同大学","愛知県名古屋市南区滝春町10番地3","愛知県","名古屋市南区",1964,"私立・大学"
"筑紫女学園大学","福岡県太宰府市石坂2-12-1","福岡県","太宰府市",1987,"私立・大学"
"千葉科学大学","千葉県銚子市潮見町3","千葉県","銚子市",2003,"私立・大学"
"千葉敬愛短期大学","千葉県佐倉市山王1-9","千葉県","佐倉市",1950,"私立・短期大学"
"千葉経済大学","千葉県千葉市稲毛区轟町3-59-5","千葉県","千葉市稲毛区",1987,"私立・大学"
"千葉経済大学短期大学部","千葉県千葉市稲毛区轟町3-59-5","千葉県","千葉市稲毛区",1968,"私立・短期大学"
"千葉工業大学","千葉県習志野市津田沼2-17-1","千葉県","習志野市",1950,"私立・大学"
"千葉商科大学","千葉県市川市国府台1-3-1","千葉県","市川市",1950,"私立・大学"
"千葉明徳短期大学","千葉県千葉市中央区南生実町1412","千葉県","千葉市中央区",1970,"私立・短期大学"
"中央学院大学","千葉県我孫子市久寺家451","千葉県","我孫子市",1966,"私立・大学"
"中央大学","東京都八王子市東中野742-1","東京都","八王子市",1949,"私立・大学"
"中京学院大学","岐阜県中津川市千旦林1-104","岐阜県","中津川市",1992,"私立・大学"
"中京学院大学短期大学部","岐阜県瑞浪市土岐町2216","岐阜県","瑞浪市",1966,"私立・短期大学"
"中京大学","愛知県名古屋市昭和区八事本町101-2","愛知県","名古屋市昭和区",1956,"私立・大学"
"中国学園大学","岡山県岡山市北区庭瀬83番地","岡山県","岡山市北区",2001,"私立・大学"
"中国短期大学","岡山県岡山市北区庭瀬83番地","岡山県","岡山市北区",1962,"私立・短期大学"
"中部学院大学","岐阜県関市桐ヶ丘2-1","岐阜県","関市",1996,"私立・大学"
"中部学院大学短期大学部","岐阜県関市桐ヶ丘2-1","岐阜県","関市",1967,"私立・短期大学"
"中部大学","愛知県春日井市松本町1200","愛知県","春日井市",1964,"私立・大学"
"鎮西学院大学","長崎県諫早市西栄田町1212-1","長崎県","諫早市",2001,"私立・大学"
"筑波学院大学","茨城県つくば市吾妻3-1","茨城県","つくば市",1995,"私立・大学"
"つくば国際短期大学","茨城県土浦市真鍋6-20ー1","茨城県","土浦市",1966,"私立・短期大学"
"つくば国際大学","茨城県土浦市真鍋6-20-1","茨城県","土浦市",1993,"私立・大学"
"津田塾大学","東京都小平市津田町2-1-1","東京都","小平市",1948,"私立・大学"
"鶴見大学","神奈川県横浜市鶴見区鶴見2-1-3","神奈川県","横浜市鶴見区",1963,"私立・大学"
"鶴見大学短期大学部","神奈川県横浜市鶴見区鶴見2-1-3","神奈川県","横浜市鶴見区",1953,"私立・短期大学"
"帝京短期大学","東京都渋谷区本町6-31-1","東京都","渋谷区",1962,"私立・短期大学"
"帝京大学","東京都板橋区加賀2-11-1","東京都","板橋区",1966,"私立・大学"
"帝京大学短期大学","東京都八王子市大塚359","東京都","八王子市",1965,"私立・短期大学"
"帝京平成大学","東京都豊島区東池袋2-51-4","東京都","豊島区",1986,"私立・大学"
"貞静学園短期大学","東京都文京区小日向1-26-13","東京都","文京区",2008,"私立・短期大学"
"帝塚山学院大学","大阪府堺市南区晴美台4-2-2","大阪府","堺市南区",1966,"私立・大学"
"帝塚山大学","奈良県奈良市帝塚山七丁目1-1","奈良県","奈良市",1964,"私立・大学"
"天使大学","北海道札幌市東区北13条東3-1-30","北海道","札幌市東区",1999,"私立・大学"
"天理大学","奈良県天理市杣之内町1050","奈良県","天理市",1949,"私立・大学"
"田園調布学園大学","神奈川県川崎市麻生区東百合丘3-4-1","神奈川県","川崎市麻生区",2001,"私立・大学"
"電動モビリティシステム専門職大学","山形県西置賜郡飯豊町大字萩生1725-2","山形県","西置賜郡飯豊町",2022,"私立・大学"
"戸板女子短期大学","東京都港区芝2-21-17","東京都","港区",1950,"私立・短期大学"
"東亜大学","山口県下関市一の宮学園町2-1","山口県","下関市",1974,"私立・大学"
"桐蔭横浜大学","神奈川県横浜市青葉区鉄町1614","神奈川県","横浜市青葉区",1987,"私立・大学"
"東海学院大学","岐阜県各務原市那加桐野町5-68","岐阜県","各務原市",1981,"私立・大学"
"東海学院大学短期大学部","岐阜県各務原市那加桐野町2-43","岐阜県","各務原市",1963,"私立・短期大学"
"東海学園大学","愛知県みよし市福谷町西ノ洞21-233","愛知県","みよし市",1994,"私立・大学"
"東海大学","神奈川県平塚市北金目4-1-1","神奈川県","平塚市",1950,"私立・大学"
"東京有明医療大学","東京都江東区有明2‐9‐1","東京都","江東区",2008,"私立・大学"
"東京医科大学","東京都新宿区新宿6-1-1","東京都","新宿区",1952,"私立・大学"
"東京医療学院大学","東京都多摩市落合4-11","東京都","多摩市",2011,"私立・大学"
"東京医療保健大学","東京都品川区東五反田4-1-17","東京都","品川区",2004,"私立・大学"
"東京音楽大学","東京都目黒区上目黒1-9-1","東京都","目黒区",1963,"私立・大学"
"東京家政学院大学","東京都町田市相原町2600","東京都","町田市",1963,"私立・大学"
"東京家政大学","東京都板橋区加賀1-18-1","東京都","板橋区",1949,"私立・大学"
"東京家政大学短期大学部","東京都板橋区加賀1-18-1","東京都","板橋区",1950,"私立・短期大学"
"東京基督教大学","千葉県印西市内野3-301-5-1","千葉県","印西市",1989,"私立・大学"
"東京経営短期大学","千葉県市川市二俣625-1","千葉県","市川市",1991,"私立・短期大学"
"東京経済大学","東京都国分寺市南町1-7-34","東京都","国分寺市",1949,"私立・大学"
"東京工科大学","東京都八王子市片倉町1404-1","東京都","八王子市",1985,"私立・大学"
"東京工芸大学","東京都中野区本町2-9-5","東京都","中野区",1966,"私立・大学"
"東京交通短期大学","東京都豊島区池袋本町2-10-1","東京都","豊島区",1952,"私立・短期大学"
"東京国際大学","埼玉県川越市的場北1-13-1","埼玉県","川越市",1965,"私立・大学"
"東京歯科大学","東京都千代田区神田三崎町2-9-18","東京都","千代田区",1952,"私立・大学"
"東京歯科大学短期大学","東京都千代田区神田三崎町2-9-18","東京都","千代田区",2016,"私立・短期大学"
"東京神学大学","東京都三鷹市大沢3-10-30","東京都","三鷹市",1949,"私立・大学"
"東京慈恵会医科大学","東京都港区西新橋3-25-8","東京都","港区",1952,"私立・大学"
"東京純心大学","東京都八王子市滝山町2-600","東京都","八王子市",1995,"私立・大学"
"東京情報大学","千葉県千葉市若葉区御成台4-1","千葉県","千葉市若葉区",1987,"私立・大学"
"東京情報デザイン専門職大学","東京都江戸川区小松川2ー7-1","東京都","江戸川区",2022,"私立・大学"
"東京女子医科大学","東京都新宿区河田町8-1","東京都","新宿区",1952,"私立・大学"
"東京女子体育短期大学","東京都国立市富士見台4-30-1","東京都","国立市",1950,"私立・短期大学"
"東京女子体育大学","東京都国立市富士見台4-30-1","東京都","国立市",1962,"私立・大学"
"東京女子大学","東京都杉並区善福寺2-6-1","東京都","杉並区",1948,"私立・大学"
"東京聖栄大学","東京都葛飾区西新小岩1-4-6","東京都","葛飾区",2004,"私立・大学"
"東京成徳短期大学","東京都北区十条台1-7-13","東京都","北区",1965,"私立・短期大学"
"東京成徳大学","東京都北区十条台1-7-13","東京都","北区",1992,"私立・大学"
"東京造形大学","東京都八王子市宇津貫町1556","東京都","八王子市",1966,"私立・大学"
"東京電機大学","東京都足立区千住旭町5番","東京都","足立区",1949,"私立・大学"
"東京都市大学","東京都世田谷区玉堤1-28-1","東京都","世田谷区",1949,"私立・大学"
"東京農業大学","東京都世田谷区桜丘1-1-1","東京都","世田谷区",1949,"私立・大学"
"東京福祉大学","群馬県伊勢崎市山王町2020番地1","群馬県","伊勢崎市",1999,"私立・大学"
"東京福祉大学短期大学部","群馬県伊勢崎市山王町2020番地1","群馬県","伊勢崎市",2005,"私立・短期大学"
"東京富士大学","東京都新宿区下落合1-7-7","東京都","新宿区",2001,"私立・大学"
"東京保健医療専門職大学","東京都江東区塩浜2-22-10","東京都","江東区",2019,"私立・大学"
"東京未来大学","東京都足立区千住曙町34-12","東京都","足立区",2006,"私立・大学"
"東京薬科大学","東京都八王子市堀之内1432-1","東京都","八王子市",1949,"私立・大学"
"東京理科大学","東京都新宿区神楽坂1-3","東京都","新宿区",1949,"私立・大学"
"東京立正短期大学","東京都杉並区堀ノ内2-41-15","東京都","杉並区",1966,"私立・短期大学"
"東邦音楽短期大学","東京都文京区大塚4-46-9","東京都","文京区",1951,"私立・短期大学"
"東邦音楽大学","埼玉県川越市今泉84","埼玉県","川越市",1965,"私立・大学"
"桐朋学園芸術短期大学","東京都調布市若葉町1-41-1","東京都","調布市",1964,"私立・短期大学"
"桐朋学園大学","東京都調布市若葉町1-41-1","東京都","調布市",1961,"私立・大学"
"桐朋学園大学院大学","富山県富山市呉羽町1884-17","富山県","富山市",1998,"私立・大学"
"東邦大学","東京都大田区大森西5-21-16","東京都","大田区",1949,"私立・大学"
"東北医科薬科大学","宮城県仙台市青葉区小松島4-4-1","宮城県","仙台市青葉区",1949,"私立・大学"
"東北学院大学","宮城県仙台市青葉区土樋1-3-1","宮城県","仙台市青葉区",1949,"私立・大学"
"東北芸術工科大学","山形県山形市上桜田3-4-5","山形県","山形市",1991,"私立・大学"
"東北公益文科大学","山形県酒田市飯森山3-5-1","山形県","酒田市",2000,"私立・大学"
"東北工業大学","宮城県仙台市太白区八木山香澄町35-1","宮城県","仙台市太白区",1964,"私立・大学"
"東北生活文化大学","宮城県仙台市泉区虹の丘1-18-2","宮城県","仙台市泉区",1958,"私立・大学"
"東北生活文化大学短期大学部","宮城県仙台市泉区虹の丘1-18-2","宮城県","仙台市泉区",1951,"私立・短期大学"
"東北福祉大学","宮城県仙台市青葉区国見1-8-1","宮城県","仙台市青葉区",1962,"私立・大学"
"東北文化学園大学","宮城県仙台市青葉区国見6-45-1","宮城県","仙台市青葉区",1998,"私立・大学"
"東北文教大学","山形県山形市大字片谷地字谷地515","山形県","山形市",2009,"私立・大学"
"東北文教大学短期大学部","山形県山形市大字片谷地字谷地515","山形県","山形市",1966,"私立・短期大学"
"東洋英和女学院大学","神奈川県横浜市緑区三保町32","神奈川県","横浜市緑区",1988,"私立・大学"
"東洋学園大学","東京都文京区本郷1-26-3","東京都","文京区",1991,"私立・大学"
"東洋食品工業短期大学","兵庫県川西市南花屋敷4-23-2","兵庫県","川西市",1961,"私立・短期大学"
"東洋大学","東京都文京区白山5-28-20","東京都","文京区",1949,"私立・大学"
"常磐会学園大学","大阪府大阪市平野区喜連東1-4-12","大阪府","大阪市平野区",1998,"私立・大学"
"常磐会短期大学","大阪府大阪市平野区平野南4-6-7","大阪府","大阪市平野区",1964,"私立・短期大学"
"常磐短期大学","茨城県水戸市見和1-430-1","茨城県","水戸市",1966,"私立・短期大学"
"常磐大学","茨城県水戸市見和1-430-1","茨城県","水戸市",1983,"私立・大学"
"徳島工業短期大学","徳島県板野郡板野町犬伏字蓮花谷100","徳島県","板野郡板野町",1973,"私立・短期大学"
"徳島文理大学","徳島県徳島市山城町西浜傍示180","徳島県","徳島市",1966,"私立・大学"
"徳島文理大学短期大学部","徳島県徳島市山城町西浜傍示180","徳島県","徳島市",1961,"私立・短期大学"
"常葉大学","静岡県静岡市駿河区弥生町6-1","静岡県","静岡市駿河区",1980,"私立・大学"
"常葉大学短期大学部","静岡県静岡市駿河区弥生町6-1","静岡県","静岡市駿河区",1966,"私立・短期大学"
"鳥取看護大学","鳥取県倉吉市福庭854","鳥取県","倉吉市",2014,"私立・大学"
"鳥取短期大学","鳥取県倉吉市福庭854","鳥取県","倉吉市",1971,"私立・短期大学"
"富山国際大学","富山県富山市東黒牧65-1","富山県","富山市",1989,"私立・大学"
"富山短期大学","富山県富山市願海寺水口444","富山県","富山市",1963,"私立・短期大学"
"富山福祉短期大学","富山県射水市三ケ579","富山県","射水市",1996,"私立・短期大学"
"豊田工業大学","愛知県名古屋市天白区久方2-12-1","愛知県","名古屋市天白区",1981,"私立・大学"
"豊橋創造大学","愛知県豊橋市牛川町字松下20-1","愛知県","豊橋市",1995,"私立・大学"
"豊橋創造大学短期大学部","愛知県豊橋市牛川町字松下20-1","愛知県","豊橋市",1983,"私立・短期大学"
"同志社女子大学","京都府京田辺市興戸南鉾立97-1","京都府","京田辺市",1949,"私立・大学"
"同志社大学","京都府京都市上京区今出川通烏丸東入玄武町601","京都府","京都市上京区",1948,"私立・大学"
"同朋大学","愛知県名古屋市中村区稲葉地町7-1","愛知県","名古屋市中村区",1950,"私立・大学"
"獨協医科大学","栃木県下都賀郡壬生町大字北小林880","栃木県","下都賀郡壬生町",1972,"私立・大学"
"獨協大学","埼玉県草加市学園町1-1","埼玉県","草加市",1964,"私立・大学"
"中九州短期大学","熊本県八代市平山新町4438","熊本県","八代市",1974,"私立・短期大学"
"中日本自動車短期大学","岐阜県加茂郡坂祝町深萱1301","岐阜県","加茂郡坂祝町",1967,"私立・短期大学"
"中村学園大学","福岡県福岡市城南区別府5-7-1","福岡県","福岡市城南区",1965,"私立・大学"
"中村学園大学短期大学部","福岡県福岡市城南区別府5-7-1","福岡県","福岡市城南区",1957,"私立・短期大学"
"長岡崇徳大学","新潟県長岡市深沢町2278番地8","新潟県","長岡市",2018,"私立・大学"
"長岡大学","新潟県長岡市御山町80-8","新潟県","長岡市",2000,"私立・大学"
"長崎外国語大学","長崎県西彼杵郡時津町元村郷1010-1","長崎県","西彼杵郡時津町",2000,"私立・大学"
"長崎国際大学","長崎県佐世保市ハウステンボス町2825-7","長崎県","佐世保市",1999,"私立・大学"
"長崎純心大学","長崎県長崎市三ツ山町235","長崎県","長崎市",1993,"私立・大学"
"長崎女子短期大学","長崎県長崎市弥生町19-1","長崎県","長崎市",1966,"私立・短期大学"
"長崎総合科学大学","長崎県長崎市網場町536","長崎県","長崎市",1965,"私立・大学"
"長崎短期大学","長崎県佐世保市椎木町600番","長崎県","佐世保市",1966,"私立・短期大学"
"長野保健医療大学","長野県長野市川中島町今井原11-1","長野県","長野市",2014,"私立・大学"
"長浜バイオ大学","滋賀県長浜市田村町1266","滋賀県","長浜市",2002,"私立・大学"
"名古屋音楽大学","愛知県名古屋市中村区稲葉地町7-1","愛知県","名古屋市中村区",1976,"私立・大学"
"名古屋外国語大学","愛知県日進市岩崎町竹ノ山57","愛知県","日進市",1987,"私立・大学"
"名古屋学院大学","愛知県名古屋市熱田区熱田西町1-25","愛知県","名古屋市熱田区",1964,"私立・大学"
"名古屋学芸大学","愛知県日進市岩崎町竹ノ山57","愛知県","日進市",2001,"私立・大学"
"名古屋経営短期大学","愛知県尾張旭市新居町山の田3255番地5","愛知県","尾張旭市",1965,"私立・短期大学"
"名古屋経済大学","愛知県犬山市内久保61-1","愛知県","犬山市",1978,"私立・大学"
"名古屋芸術大学","愛知県北名古屋市熊之庄古井281","愛知県","北名古屋市",1970,"私立・大学"
"名古屋産業大学","愛知県尾張旭市新居町山の田3255番地5","愛知県","尾張旭市",1999,"私立・大学"
"名古屋商科大学","愛知県日進市米野木町三ケ峯4-4","愛知県","日進市",1953,"私立・大学"
"名古屋女子大学","愛知県名古屋市瑞穂区汐路町3-40","愛知県","名古屋市瑞穂区",1964,"私立・大学"
"名古屋女子大学短期大学部","愛知県名古屋市瑞穂区汐路町3-40","愛知県","名古屋市瑞穂区",1950,"私立・短期大学"
"名古屋造形大学","愛知県名古屋市北区名城2丁目4番1","愛知県","名古屋市北区",1989,"私立・大学"
"名古屋短期大学","愛知県豊明市栄町武侍48","愛知県","豊明市",1955,"私立・短期大学"
"名古屋文化短期大学","愛知県名古屋市東区葵一丁目17-8","愛知県","名古屋市東区",1950,"私立・短期大学"
"名古屋文理大学","愛知県稲沢市稲沢町前田365","愛知県","稲沢市",1998,"私立・大学"
"名古屋文理大学短期大学部","愛知県名古屋市西区笹塚町2-1","愛知県","名古屋市西区",1966,"私立・短期大学"
"名古屋柳城女子大学","愛知県名古屋市昭和区明月町2-54","愛知県","名古屋市昭和区",2019,"私立・大学"
"名古屋柳城短期大学","愛知県名古屋市昭和区明月町2-54","愛知県","名古屋市昭和区",1953,"私立・短期大学"
"奈良学園大学","奈良県奈良市中登美ケ丘3-15-1","奈良県","奈良市",1983,"私立・大学"
"奈良芸術短期大学","奈良県橿原市久米町222番地","奈良県","橿原市",1966,"私立・短期大学"
"奈良佐保短期大学","奈良県奈良市鹿野園町806","奈良県","奈良市",1965,"私立・短期大学"
"奈良大学","奈良県奈良市山陵町1500","奈良県","奈良市",1969,"私立・大学"
"南山大学","愛知県名古屋市昭和区山里町18","愛知県","名古屋市昭和区",1949,"私立・大学"
"新潟医療福祉大学","新潟県新潟市北区島見町1398","新潟県","新潟市北区",2000,"私立・大学"
"新潟経営大学","新潟県加茂市希望ケ丘2909-2","新潟県","加茂市",1993,"私立・大学"
"新潟工科大学","新潟県柏崎市大字藤橋1719","新潟県","柏崎市",1994,"私立・大学"
"新潟工業短期大学","新潟県新潟市西区上新栄町5-13-7","新潟県","新潟市西区",1968,"私立・短期大学"
"新潟国際情報大学","新潟県新潟市西区みずき野3-1-1","新潟県","新潟市西区",1993,"私立・大学"
"新潟青陵大学","新潟県新潟市中央区水道町1-5939-27","新潟県","新潟市中央区",1999,"私立・大学"
"新潟青陵大学短期大学部","新潟県新潟市中央区水道町1-5939-27","新潟県","新潟市中央区",1965,"私立・短期大学"
"新潟中央短期大学","新潟県加茂市希望ケ丘2909-2","新潟県","加茂市",1968,"私立・短期大学"
"新潟薬科大学","新潟県新潟市秋葉区東島字山居265-1","新潟県","新潟市秋葉区",1977,"私立・大学"
"新潟リハビリテーション大学","新潟県村上市上の山2番16号","新潟県","村上市",2009,"私立・大学"
"新島学園短期大学","群馬県高崎市昭和町53","群馬県","高崎市",1983,"私立・短期大学"
"西九州大学","佐賀県神埼市神埼町尾崎4490-9","佐賀県","神埼市",1968,"私立・大学"
"西九州大学短期大学部","佐賀県佐賀市神園3-18-15","佐賀県","佐賀市",1963,"私立・短期大学"
"西日本工業大学","福岡県京都郡苅田町新津1-11-1","福岡県","京都郡苅田町",1967,"私立・大学"
"西日本短期大学","福岡県福岡市中央区福浜1-3-1","福岡県","福岡市中央区",1957,"私立・短期大学"
"二松学舎大学","東京都千代田区三番町6-16","東京都","千代田区",1949,"私立・大学"
"日本工業大学","埼玉県南埼玉郡宮代町学園台4-1-1","埼玉県","南埼玉郡宮代町",1967,"私立・大学"
"日本体育大学","東京都世田谷区深沢7-1-1","東京都","世田谷区",1949,"私立・大学"
"日本文理大学","大分県大分市大字一木1727-162","大分県","大分市",1967,"私立・大学"
"新渡戸文化短期大学","東京都中野区本町6-38-1","東京都","中野区",1950,"私立・短期大学"
"日本医科大学","東京都文京区千駄木1-1-5","東京都","文京区",1952,"私立・大学"
"日本医療科学大学","埼玉県入間郡毛呂山町下川原1276","埼玉県","入間郡毛呂山町",2006,"私立・大学"
"日本医療大学","北海道札幌市豊平区月寒東3条11丁目1番50号","北海道","札幌市豊平区",2013,"私立・大学"
"日本ウェルネススポーツ大学","茨城県北相馬郡利根町布川1377","茨城県","北相馬郡利根町",2011,"私立・大学"
"日本映画大学","神奈川県川崎市麻生区万福寺1-16-30","神奈川県","川崎市麻生区",2010,"私立・大学"
"日本経済大学","福岡県太宰府市五条3-11-25","福岡県","太宰府市",1968,"私立・大学"
"日本歯科大学","東京都千代田区富士見1-9-20","東京都","千代田区",1952,"私立・大学"
"日本歯科大学東京短期大学","東京都千代田区富士見2-3-16","東京都","千代田区",2004,"私立・短期大学"
"日本歯科大学新潟短期大学","新潟県新潟市中央区浜浦町1-8","新潟県","新潟市中央区",1986,"私立・短期大学"
"日本獣医生命科学大学","東京都武蔵野市境南町1-7-1","東京都","武蔵野市",1949,"私立・大学"
"日本女子体育大学","東京都世田谷区北烏山8-19-1","東京都","世田谷区",1965,"私立・大学"
"日本女子大学","東京都文京区目白台2-8-1","東京都","文京区",1948,"私立・大学"
"日本赤十字秋田看護大学","秋田県秋田市上北手猿田字苗代沢17-3","秋田県","秋田市",2008,"私立・大学"
"日本赤十字秋田短期大学","秋田県秋田市上北手猿田字苗代沢17-3","秋田県","秋田市",1995,"私立・短期大学"
"日本赤十字看護大学","東京都渋谷区広尾4-1-3","東京都","渋谷区",1986,"私立・大学"
"日本赤十字九州国際看護大学","福岡県宗像市アスティ1-1","福岡県","宗像市",2000,"私立・大学"
"日本赤十字豊田看護大学","愛知県豊田市白山町七曲12-33","愛知県","豊田市",2003,"私立・大学"
"日本赤十字広島看護大学","広島県廿日市市阿品台東1-2","広島県","廿日市市",1999,"私立・大学"
"日本赤十字北海道看護大学","北海道北見市曙町664-1","北海道","北見市",1998,"私立・大学"
"日本大学","東京都千代田区九段南4-8-24","東京都","千代田区",1949,"私立・大学"
"日本大学短期大学部","東京都千代田区九段南4-8-24","東京都","千代田区",1950,"私立・短期大学"
"日本福祉大学","愛知県知多郡美浜町大字奥田字会下前35番6","愛知県","知多郡美浜町",1953,"私立・大学"
"日本保健医療大学","埼玉県幸手市幸手1961-2","埼玉県","幸手市",2009,"私立・大学"
"日本薬科大学","埼玉県北足立郡伊奈町小室10281","埼玉県","北足立郡伊奈町",2003,"私立・大学"
"人間環境大学","愛知県岡崎市本宿町字上三本松6-2","愛知県","岡崎市",1999,"私立・大学"
"人間総合科学大学","埼玉県さいたま市岩槻区馬込1288","埼玉県","さいたま市岩槻区",1999,"私立・大学"
"ノースアジア大学","秋田県秋田市下北手桜字守沢46-1","秋田県","秋田市",1964,"私立・大学"
"ノートルダム清心女子大学","岡山県岡山市北区伊福町2-16-9","岡山県","岡山市北区",1949,"私立・大学"
"白鴎大学","栃木県小山市駅東通り二丁目3番地5","栃木県","小山市",1985,"私立・大学"
"函館大谷短期大学","北海道函館市鍛治1-2-3","北海道","函館市",1963,"私立・短期大学"
"函館短期大学","北海道函館市高丘町52-1","北海道","函館市",1953,"私立・短期大学"
"函館大学","北海道函館市高丘町51-1","北海道","函館市",1965,"私立・大学"
"羽衣国際大学","大阪府堺市西区浜寺南町1-89-1","大阪府","堺市西区",2001,"私立・大学"
"八戸学院大学","青森県八戸市美保野13-98","青森県","八戸市",1981,"私立・大学"
"八戸学院大学短期大学部","青森県八戸市美保野13-384","青森県","八戸市",1971,"私立・短期大学"
"八戸工業大学","青森県八戸市大字妙字大開88-1","青森県","八戸市",1972,"私立・大学"
"花園大学","京都府京都市中京区西ノ京壺ノ内町8-1","京都府","京都市中京区",1949,"私立・大学"
"浜松学院大学","静岡県浜松市中区布橋3-2-3","静岡県","浜松市中区",2003,"私立・大学"
"浜松学院大学短期大学部","静岡県浜松市中区住吉2-3-1","静岡県","浜松市中区",1951,"私立・短期大学"
"ハリウッド大学院大学","東京都港区六本木6-4-1","東京都","港区",2007,"私立・大学"
"阪南大学","大阪府松原市天美東5-4-33","大阪府","松原市",1965,"私立・大学"
"梅花女子大学","大阪府茨木市宿久庄二丁目19番5号","大阪府","茨木市",1964,"私立・大学"
"梅光学院大学","山口県下関市向洋町1-1-1","山口県","下関市",1967,"私立・大学"
"光産業創成大学院大学","静岡県浜松市西区呉松町1955番1","静岡県","浜松市西区",2004,"私立・大学"
"東大阪大学","大阪府東大阪市西堤学園町3-1-1","大阪府","東大阪市",2002,"私立・大学"
"東大阪大学短期大学部","大阪府東大阪市西堤学園町3-1-1","大阪府","東大阪市",1965,"私立・短期大学"
"東九州短期大学","大分県中津市大字一ツ松211番地","大分県","中津市",1967,"私立・短期大学"
"東筑紫短期大学","福岡県北九州市小倉北区下到津5-1-1","福岡県","北九州市小倉北区",1950,"私立・短期大学"
"東日本国際大学","福島県いわき市平鎌田字寿金沢37","福島県","いわき市",1994,"私立・大学"
"比治山大学","広島県広島市東区牛田新町4-1-1","広島県","広島市東区",1993,"私立・大学"
"比治山大学短期大学部","広島県広島市東区牛田新町4-1-1","広島県","広島市東区",1966,"私立・短期大学"
"姫路獨協大学","兵庫県姫路市上大野7-2-1","兵庫県","姫路市",1986,"私立・大学"
"姫路日ノ本短期大学","兵庫県姫路市香寺町香呂字糀屋890-1","兵庫県","姫路市",1974,"私立・短期大学"
"兵庫医科大学","兵庫県西宮市武庫川町1-1","兵庫県","西宮市",1971,"私立・大学"
"兵庫大学","兵庫県加古川市平岡町新在家2301","兵庫県","加古川市",1994,"私立・大学"
"兵庫大学短期大学部","兵庫県加古川市平岡町新在家2301","兵庫県","加古川市",1955,"私立・短期大学"
"弘前医療福祉大学","青森県弘前市大字小比内3-18-1","青森県","弘前市",2008,"私立・大学"
"弘前医療福祉大学短期大学部","青森県弘前市大字小比内3-18-1","青森県","弘前市",2001,"私立・短期大学"
"弘前学院大学","青森県弘前市大字稔町13-1","青森県","弘前市",1971,"私立・大学"
"広島経済大学","広島県広島市安佐南区祇園5-37-1","広島県","広島市安佐南区",1967,"私立・大学"
"広島工業大学","広島県広島市佐伯区三宅2-1-1","広島県","広島市佐伯区",1963,"私立・大学"
"広島国際大学","広島県東広島市黒瀬学園台555-36","広島県","東広島市",1997,"私立・大学"
"広島修道大学","広島県広島市安佐南区大塚東1-1-1","広島県","広島市安佐南区",1960,"私立・大学"
"広島女学院大学","広島県広島市東区牛田東4-13-1","広島県","広島市東区",1949,"私立・大学"
"広島文化学園短期大学","広島県広島市安佐南区長束西三丁目5番1号","広島県","広島市安佐南区",1964,"私立・短期大学"
"広島文化学園大学","広島県呉市郷原学びの丘一丁目1番1号","広島県","呉市",1994,"私立・大学"
"広島文教大学","広島県広島市安佐北区可部東1-2-1","広島県","広島市安佐北区",1966,"私立・大学"
"ビューティ＆ウェルネス専門職大学","神奈川県横浜市都筑区牛久保3-9-3","神奈川県","横浜市都筑区",2022,"私立・大学"
"びわこ学院大学","滋賀県東近江市布施町29","滋賀県","東近江市",2008,"私立・大学"
"びわこ学院大学短期大学部","滋賀県東近江市布施町29","滋賀県","東近江市",1989,"私立・短期大学"
"びわこ成蹊スポーツ大学","滋賀県大津市北比良1204","滋賀県","大津市",2002,"私立・大学"
"びわこリハビリテーション専門職大学","滋賀県東近江市北坂町967","滋賀県","東近江市",2019,"私立・大学"
"フェリシアこども短期大学","東京都町田市三輪町字13号1135番地","東京都","町田市",1968,"私立・短期大学"
"フェリス女学院大学","神奈川県横浜市泉区緑園4-5-3","神奈川県","横浜市泉区",1965,"私立・大学"
"福井医療大学","福井県福井市江上町55字鳥町13-1","福井県","福井市",2016,"私立・大学"
"福井工業大学","福井県福井市学園3丁目6番1号","福井県","福井市",1965,"私立・大学"
"福岡医療短期大学","福岡県福岡市早良区田村2-15-1","福岡県","福岡市早良区",1996,"私立・短期大学"
"福岡看護大学","福岡県福岡市早良区田村2-15-1","福岡県","福岡市早良区",2016,"私立・大学"
"福岡工業大学","福岡県福岡市東区和白東3-30-1","福岡県","福岡市東区",1963,"私立・大学"
"福岡工業大学短期大学部","福岡県福岡市東区和白東3-30-1","福岡県","福岡市東区",1960,"私立・短期大学"
"福岡国際医療福祉大学","福岡県福岡市早良区百道浜3-6-40","福岡県","福岡市早良区",2018,"私立・大学"
"福岡こども短期大学","福岡県太宰府市五条3-11-25","福岡県","太宰府市",1975,"私立・短期大学"
"福岡歯科大学","福岡県福岡市早良区田村2-15-1","福岡県","福岡市早良区",1972,"私立・大学"
"福岡女学院看護大学","福岡県古賀市千鳥1-1-7","福岡県","古賀市",2007,"私立・大学"
"福岡女学院大学","福岡県福岡市南区曰佐3-42-1","福岡県","福岡市南区",1989,"私立・大学"
"福岡女学院大学短期大学部","福岡県福岡市南区曰佐3-42-1","福岡県","福岡市南区",1964,"私立・短期大学"
"福岡女子短期大学","福岡県太宰府市五条4-16-1","福岡県","太宰府市",1966,"私立・短期大学"
"福岡大学","福岡県福岡市城南区七隈8-19-1","福岡県","福岡市城南区",1949,"私立・大学"
"福島学院大学","福島県福島市本町2ー10","福島県","福島市",2002,"私立・大学"
"福島学院大学短期大学部","福島県福島市宮代字乳児池1ー1","福島県","福島市",1966,"私立・短期大学"
"福山大学","広島県福山市東村町字三蔵985-1","広島県","福山市",1975,"私立・大学"
"福山平成大学","広島県福山市御幸町大字上岩成正戸117-1","広島県","福山市",1993,"私立・大学"
"藤女子大学","北海道札幌市北区北16条西2丁目1番1号","北海道","札幌市北区",1961,"私立・大学"
"藤田医科大学","愛知県豊明市沓掛町田楽ケ窪1-98","愛知県","豊明市",1968,"私立・大学"
"富士大学","岩手県花巻市下根子450-3","岩手県","花巻市",1965,"私立・大学"
"佛教大学","京都府京都市北区紫野北花ノ坊町96","京都府","京都市北区",1949,"私立・大学"
"文化学園大学","東京都渋谷区代々木3-22-1","東京都","渋谷区",1964,"私立・大学"
"文化ファッション大学院大学","東京都渋谷区代々木3-22-1","東京都","渋谷区",2005,"私立・大学"
"文京学院大学","東京都文京区向丘1-19-1","東京都","文京区",1990,"私立・大学"
"文教大学","埼玉県越谷市南荻島3337","埼玉県","越谷市",1966,"私立・大学"
"文星芸術大学","栃木県宇都宮市上戸祭4-8-15","栃木県","宇都宮市",1998,"私立・大学"
"平安女学院大学","京都府京都市上京区室町通椹木町上る武衛陣町221","京都府","京都市上京区",1999,"私立・大学"
"平成医療短期大学","岐阜県岐阜市黒野180","岐阜県","岐阜市",2008,"私立・短期大学"
"平成音楽大学","熊本県上益城郡御船町滝川1658","熊本県","上益城郡御船町",2000,"私立・大学"
"平成国際大学","埼玉県加須市水深大立野2000","埼玉県","加須市",1995,"私立・大学"
"別府大学","大分県別府市北石垣82","大分県","別府市",1950,"私立・大学"
"別府大学短期大学部","大分県別府市北石垣82","大分県","別府市",1954,"私立・短期大学"
"別府溝部学園短期大学","大分県別府市大字野田字通山78","大分県","別府市",1964,"私立・短期大学"
"法政大学","東京都千代田区富士見2-17-1","東京都","千代田区",1949,"私立・大学"
"放送大学","千葉県千葉市美浜区若葉2-11","千葉県","千葉市美浜区",1983,"私立・大学"
"北翔大学","北海道江別市文京台23番地","北海道","江別市",1996,"私立・大学"
"北翔大学短期大学部","北海道江別市文京台23番地","北海道","江別市",1963,"私立・短期大学"
"北星学園大学","北海道札幌市厚別区大谷地西2-3-1","北海道","札幌市厚別区",1962,"私立・大学"
"北星学園大学短期大学部","北海道札幌市厚別区大谷地西2-3-1","北海道","札幌市厚別区",1951,"私立・短期大学"
"北陸学院大学","石川県金沢市三小牛町イ11","石川県","金沢市",2007,"私立・大学"
"北陸学院大学短期大学部","石川県金沢市三小牛町イ11","石川県","金沢市",1950,"私立・短期大学"
"北陸大学","石川県金沢市太陽が丘1-1","石川県","金沢市",1975,"私立・大学"
"星薬科大学","東京都品川区荏原2-4-41","東京都","品川区",1950,"私立・大学"
"北海学園大学","北海道札幌市豊平区旭町4-1-40","北海道","札幌市豊平区",1952,"私立・大学"
"北海商科大学","北海道札幌市豊平区豊平6条6-10","北海道","札幌市豊平区",1977,"私立・大学"
"北海道医療大学","北海道石狩郡当別町金沢1757番地","北海道","石狩郡当別町",1974,"私立・大学"
"北海道科学大学","北海道札幌市手稲区前田7条15-4-1","北海道","札幌市手稲区",1967,"私立・大学"
"北海道情報大学","北海道江別市西野幌59-2","北海道","江別市",1988,"私立・大学"
"北海道千歳リハビリテーション大学","北海道千歳市里美2丁目10番","北海道","千歳市",2016,"私立・大学"
"北海道文教大学","北海道恵庭市黄金中央5-196-1","北海道","恵庭市",1998,"私立・大学"
"北海道武蔵女子短期大学","北海道札幌市北区北22条西13-1-3","北海道","札幌市北区",1967,"私立・短期大学"
"松本歯科大学","長野県塩尻市広丘郷原1780","長野県","塩尻市",1972,"私立・大学"
"松本大学","長野県松本市新村2095-1","長野県","松本市",2001,"私立・大学"
"松本大学松商短期大学部","長野県松本市新村2095-1","長野県","松本市",1953,"私立・短期大学"
"松山東雲女子大学","愛媛県松山市桑原3-2-1","愛媛県","松山市",1991,"私立・大学"
"松山東雲短期大学","愛媛県松山市桑原3-2-1","愛媛県","松山市",1964,"私立・短期大学"
"松山短期大学","愛媛県松山市文京町4番地2","愛媛県","松山市",1952,"私立・短期大学"
"松山大学","愛媛県松山市文京町4番地2","愛媛県","松山市",1949,"私立・大学"
"聖園学園短期大学","秋田県秋田市保戸野すわ町1-58","秋田県","秋田市",1966,"私立・短期大学"
"湊川短期大学","兵庫県三田市四ツ辻1430","兵庫県","三田市",1952,"私立・短期大学"
"南九州大学","宮崎県宮崎市霧島5-1-2","宮崎県","宮崎市",1967,"私立・大学"
"南九州大学短期大学部","宮崎県宮崎市霧島5-1-2","宮崎県","宮崎市",1965,"私立・短期大学"
"身延山大学","山梨県南巨摩郡身延町身延3567","山梨県","南巨摩郡身延町",1994,"私立・大学"
"美作大学","岡山県津山市北園町50","岡山県","津山市",1967,"私立・大学"
"美作大学短期大学部","岡山県津山市北園町50","岡山県","津山市",1951,"私立・短期大学"
"宮城学院女子大学","宮城県仙台市青葉区桜ヶ丘9-1-1","宮城県","仙台市青葉区",1949,"私立・大学"
"宮城誠真短期大学","宮城県大崎市古川福沼1-27-2","宮城県","大崎市",1967,"私立・短期大学"
"宮崎学園短期大学","宮崎県宮崎市清武町加納丙1415番地","宮崎県","宮崎市",1965,"私立・短期大学"
"宮崎国際大学","宮崎県宮崎市清武町加納丙1405","宮崎県","宮崎市",1993,"私立・大学"
"宮崎産業経営大学","宮崎県宮崎市古城町丸尾100番地","宮崎県","宮崎市",1987,"私立・大学"
"武庫川女子大学","兵庫県西宮市池開町6-46","兵庫県","西宮市",1949,"私立・大学"
"武庫川女子大学短期大学部","兵庫県西宮市池開町6-46","兵庫県","西宮市",1950,"私立・短期大学"
"武蔵丘短期大学","埼玉県比企郡吉見町大字南吉見字村上111-1","埼玉県","比企郡吉見町",1991,"私立・短期大学"
"武蔵大学","東京都練馬区豊玉上1-26-1","東京都","練馬区",1949,"私立・大学"
"武蔵野音楽大学","東京都練馬区羽沢1-13-1","東京都","練馬区",1949,"私立・大学"
"武蔵野学院大学","埼玉県狭山市広瀬台3-26-1","埼玉県","狭山市",2003,"私立・大学"
"武蔵野短期大学","埼玉県狭山市広瀬台3-26-1","埼玉県","狭山市",1981,"私立・短期大学"
"武蔵野大学","東京都江東区有明三丁目3番3号","東京都","江東区",1965,"私立・大学"
"武蔵野美術大学","東京都小平市小川町1-736","東京都","小平市",1962,"私立・大学"
"明海大学","埼玉県坂戸市けやき台1-1","埼玉県","坂戸市",1970,"私立・大学"
"明治学院大学","東京都港区白金台1-2-37","東京都","港区",1949,"私立・大学"
"明治国際医療大学","京都府南丹市日吉町保野田ヒノ谷6-1","京都府","南丹市",1983,"私立・大学"
"明治大学","東京都千代田区神田駿河台1-1","東京都","千代田区",1949,"私立・大学"
"明治薬科大学","東京都清瀬市野塩2-522-1","東京都","清瀬市",1949,"私立・大学"
"名城大学","愛知県名古屋市天白区塩釜口1-501","愛知県","名古屋市天白区",1949,"私立・大学"
"明星大学","東京都日野市程久保2-1-1","東京都","日野市",1964,"私立・大学"
"明倫短期大学","新潟県新潟市西区真砂3-16-10","新潟県","新潟市西区",1996,"私立・短期大学"
"目白大学","東京都新宿区中落合4-31-1","東京都","新宿区",1993,"私立・大学"
"目白大学短期大学部","東京都新宿区中落合4-31-1","東京都","新宿区",1963,"私立・短期大学"
"ものつくり大学","埼玉県行田市前谷333","埼玉県","行田市",2000,"私立・大学"
"桃山学院教育大学","大阪府堺市南区槇塚台4-5-1","大阪府","堺市南区",1995,"私立・大学"
"桃山学院大学","大阪府和泉市まなび野1-1","大阪府","和泉市",1959,"私立・大学"
"盛岡大学","岩手県滝沢市砂込808","岩手県","滝沢市",1981,"私立・大学"
"盛岡大学短期大学部","岩手県滝沢市砂込808","岩手県","滝沢市",1964,"私立・短期大学"
"森ノ宮医療大学","大阪府大阪市住之江区南港北1-26-16","大阪府","大阪市住之江区",2006,"私立・大学"
"八洲学園大学","神奈川県横浜市西区桜木町7-42","神奈川県","横浜市西区",2003,"私立・大学"
"安田女子短期大学","広島県広島市安佐南区安東6-13-1","広島県","広島市安佐南区",1955,"私立・短期大学"
"安田女子大学","広島県広島市安佐南区安東6-13-1","広島県","広島市安佐南区",1966,"私立・大学"
"山口学芸大学","山口県山口市小郡みらい町1-7-1","山口県","山口市",2006,"私立・大学"
"山口芸術短期大学","山口県山口市小郡みらい町1-7-1","山口県","山口市",1968,"私立・短期大学"
"山口短期大学","山口県防府市大字台道字大繁枝11346-2","山口県","防府市",1967,"私立・短期大学"
"ヤマザキ動物看護専門職短期大学","東京都渋谷区松濤2-3-10","東京都","渋谷区",2018,"私立・短期大学"
"ヤマザキ動物看護大学","東京都八王子市南大沢4-7-2","東京都","八王子市",2009,"私立・大学"
"山梨英和大学","山梨県甲府市横根町888","山梨県","甲府市",2001,"私立・大学"
"山梨学院短期大学","山梨県甲府市酒折2-4-5","山梨県","甲府市",1951,"私立・短期大学"
"山梨学院大学","山梨県甲府市酒折2-4-5","山梨県","甲府市",1962,"私立・大学"
"山野美容芸術短期大学","東京都八王子市鑓水530","東京都","八王子市",1991,"私立・短期大学"
"山村学園短期大学","埼玉県比企郡鳩山町石坂604","埼玉県","比企郡鳩山町",1988,"私立・短期大学"
"ユマニテク短期大学","三重県四日市市南浜田町4-21","三重県","四日市市",2016,"私立・短期大学"
"横浜商科大学","神奈川県横浜市鶴見区東寺尾4-11-1","神奈川県","横浜市鶴見区",1968,"私立・大学"
"横浜女子短期大学","神奈川県横浜市港南区港南台4-4-5","神奈川県","横浜市港南区",1966,"私立・短期大学"
"横浜創英大学","神奈川県横浜市緑区三保町1番地","神奈川県","横浜市緑区",2011,"私立・大学"
"横浜美術大学","神奈川県横浜市青葉区鴨志田町1204","神奈川県","横浜市青葉区",2009,"私立・大学"
"横浜薬科大学","神奈川県横浜市戸塚区俣野町字東原601-1","神奈川県","横浜市戸塚区",2005,"私立・大学"
"四日市看護医療大学","三重県四日市市萱生町1200","三重県","四日市市",2006,"私立・大学"
"四日市大学","三重県四日市市萱生町1200","三重県","四日市市",1987,"私立・大学"
"酪農学園大学","北海道江別市文京台緑町582番地","北海道","江別市",1960,"私立・大学"
"立教大学","東京都豊島区西池袋3-34-1","東京都","豊島区",1949,"私立・大学"
"立正大学","東京都品川区大崎4-2-16","東京都","品川区",1949,"私立・大学"
"立命館アジア太平洋大学","大分県別府市十文字原1-1","大分県","別府市",1999,"私立・大学"
"立命館大学","京都府京都市中京区西ノ京東栂尾町8番地","京都府","京都市中京区",1948,"私立・大学"
"龍谷大学","京都府京都市伏見区深草塚本町67","京都府","京都市伏見区",1949,"私立・大学"
"龍谷大学短期大学部","京都府京都市伏見区深草塚本町67","京都府","京都市伏見区",1950,"私立・短期大学"
"流通科学大学","兵庫県神戸市西区学園西町3-1","兵庫県","神戸市西区",1987,"私立・大学"
"流通経済大学","千葉県松戸市新松戸3-2-1","千葉県","松戸市",1965,"私立・大学"
"了?寺大学","千葉県浦安市明海5-8-1","千葉県","浦安市",2005,"私立・大学"
"ルーテル学院大学","東京都三鷹市大沢3-10-20","東京都","三鷹市",1964,"私立・大学"
"麗澤大学","千葉県柏市光ヶ丘2-1-1","千葉県","柏市",1959,"私立・大学"
"令和健康科学大学","福岡県福岡市東区和白丘2-1-12","福岡県","福岡市東区",2021,"私立・大学"
"和歌山信愛女子短期大学","和歌山県和歌山市相坂702番2","和歌山県","和歌山市",1951,"私立・短期大学"
"和歌山信愛大学","和歌山県和歌山市住吉町1番地","和歌山県","和歌山市",2018,"私立・大学"
"和歌山リハビリテーション専門職大学","和歌山県和歌山市湊本町3丁目1番地","和歌山県","和歌山市",2020,"私立・大学"
"和光大学","東京都町田市金井ヶ丘5-1-1","東京都","町田市",1966,"私立・大学"
"早稲田大学","東京都新宿区西早稲田1-6-1","東京都","新宿区",1949,"私立・大学"
"和洋女子大学","千葉県市川市国府台2-3-1","千葉県","市川市",1949,"私立・大学"
